Workbook

Sheet Listas
A1: Setores | B1: Status | C1: Prioridades | D1: Familias | E1: Operacoes | F1: Unidades | G1: Turnos | H1: Uso
A2: CORTE | B2: Planejado | C2: P1 - Atrasado/24h | D2: Produto simples | E2: SECCIONADORA 10 | F2: peça | G2: 1 | H2: Obrigatório
A3: USINAGEM | B3: Programado | C3: P2 - 48h | D3: Produto com acabamento | E3: SECCIONADORA 11 | F3: un | H3: Opcional
A4: SERRA FITA | B4: Em produção | C4: P3 - Semana | D4: Produto usinado | E4: SERRA FITA | F4: par | H4: Calculado
A5: PADE | B5: Parado | C5: P4 - Normal | D5: Produto montado | E5: PADE VELOX | F5: kg | H5: Manual
A6: CNC | B6: Concluído | D6: Produto especial | E6: CNC NESTING | F6: m
A7: PU | B7: Atrasado | D7: Reposição | E7: COPIADORA | F7: m²
A8: FURADEIRA | B8: Cancelado | D8: Protótipo | E8: USINAGEM | F8: lote
A9: COLADEIRA DE BORDO | D9: Embalagem | E9: MONTAGEM DE TAMPOS | F9: caixas
A10: COLADEIRA MANUAL | E10: PU
A11: COPIADORA | E11: FURADEIRA 20
A12: MONTAGEM DE TAMPOS | E12: FURADEIRA 21
A13: UV | E13: FURADEIRA 22
A14: MONTAGEM DE CADEIRAS | E14: FURADEIRA 65
A15: COLA DE ESPUMA | E15: COLADEIRA 23
A16: TAPEÇARIA | E16: COLADEIRA 122
A17: EMBALAGEM | E17: COLADEIRA 126
A18: COLAGEM DE VIDROS | E18: COLADEIRA 24
A19: CARTONAGEM | E19: UV 54
E20: MONTAGEM DE CADEIRAS (3 FUNC)
E21: COLA DE ESPUMA (2FUNC)
E22: TAPEÇARIA (6 FUNC)
E23: CARTONAGEM
E24: EMBALAGEM 91

Sheet 01_Cad_Pecas
A1: Produto/Equipamento | B1: Codigo Produto | C1: Familia | D1: Codigo Peca | E1: Descricao da Peca | F1: Qtde por Produto | G1: Unidade | H1: Tempo Setup Padrao (min) | I1: Tempo Unit Padrao (min/peca) | J1: Setor Inicial
A2: CARTONAGEM | B2: 91014030 | C2: Embalagem | D2: 91014030 | E2: EMB. CABECEIRAS 01 (X2) (440X2800) | F2: 1 | G2: caixas | H2: 8 | I2: 0.2 | J2: CARTONAGEM
A3: CARTONAGEM | B3: 912084232 | C3: Embalagem | D3: 912084232 | E3: EMB. ACESSORIOS - CAMA TORONTO 1,40 (410X320 | F3: 1 | G3: caixas | H3: 8 | I3: 0.2 | J3: CARTONAGEM
A4: CARTONAGEM | B4: 200610130 | C4: Embalagem | D4: 200610130 | E4: EMB. MESA JADE PES (783X218X83) | F4: 1 | G4: caixas | H4: 8 | I4: 0.2 | J4: CARTONAGEM
A5: CARTONAGEM | B5: 200610230 | C5: Embalagem | D5: 200610230 | E5: EMB. TRAVESSAS MESA JADE 1,36 (1340X83X78) | F5: 1 | G5: caixas | H5: 8 | I5: 0.2 | J5: CARTONAGEM
A6: CARTONAGEM | B6: 200611230 | C6: Embalagem | D6: 200611230 | E6: EMB. TRAVESSAS MESA JADE 1,60 (1445X83X80) | F6: 1 | G6: caixas | H6: 8 | I6: 0.2 | J6: CARTONAGEM
A7: CARTONAGEM | B7: 200611231 | C7: Embalagem | D7: 200611231 | E7: EMB. CAIXA ACESSORIOS MESA JADE 1,36 (190X80X | F7: 1 | G7: caixas | H7: 8 | I7: 0.2 | J7: CARTONAGEM
A8: CARTONAGEM | B8: 200612230 | C8: Embalagem | D8: 200612230 | E8: EMB. TRAVESSAS MESA JADE 1,80 (1581X83X81) | F8: 1 | G8: caixas | H8: 8 | I8: 0.2 | J8: CARTONAGEM
A9: CARTONAGEM | B9: 200620130 | C9: Embalagem | D9: 200620130 | E9: EMB. MESA AMETISTA PES (783X170X65) | F9: 1 | G9: caixas | H9: 8 | I9: 0.2 | J9: CARTONAGEM
A10: CARTONAGEM | B10: 200620230 | C10: Embalagem | D10: 200620230 | E10: EMB. TRAVESSAS MESA AMETISTA 1,36 (1399X83X96212 | F10: 1 | G10: caixas | H10: 8 | I10: 0.2 | J10: CARTONAGEM
A11: CARTONAGEM | B11: 200620231 | C11: Embalagem | D11: 200620231 | E11: EMB. CX. ACESSORIO MESA AMETISTA 1,36 (230X83 212 | F11: 1 | G11: caixas | H11: 8 | I11: 0.2 | J11: CARTONAGEM
A12: CARTONAGEM | B12: 200621230 | C12: Embalagem | D12: 200621230 | E12: EMB. TRAVESSAS MESA AMETISTA 1,60 (1545X83X96212 | F12: 1 | G12: caixas | H12: 8 | I12: 0.2 | J12: CARTONAGEM
A13: CARTONAGEM | B13: 200621231 | C13: Embalagem | D13: 200621231 | E13: EMB. CX. ACESSORIOS MESA AMETISTA 1,60 (160X8 212 | F13: 1 | G13: caixas | H13: 8 | I13: 0.2 | J13: CARTONAGEM
... A165: CARTONAGEM | B165: 91205733 | C165: Embalagem | D165: 91205733 | E165: EMB. ACESSORIOS CAMA LEON 1,95 (200X100X170) 212 | F165: 1 | G165: caixas | H165: 8 | I165: 0.2 | J165: CARTONAGEM
A166: CARTONAGEM | B166: 200200130MM | C166: Embalagem | D166: 200200130MM | E166: EMB. BASE DUBAI SEM IMPRESSAO (1190X370X57) 212 | F166: 1 | G166: caixas | H166: 8 | I166: 0.2 | J166: CARTONAGEM
A167: CARTONAGEM | B167: 200124130MM | C167: Embalagem | D167: 200124130MM | E167: EMB. MESA MIAMI 1,20 (1240X834X40) EMEN. S/ IMP. 212 | F167: 1 | G167: caixas | H167: 8 | I167: 0.2 | J167: CARTONAGEM
A168: CARTONAGEM | B168: 301240130MM | C168: Embalagem | D168: 301240130MM | E168: EMB. BASE DUBLIN 1,36 (880X774X64) EMND. S/ IMP. 212 | F168: 1 | G168: caixas | H168: 8 | I168: 0.2 | J168: CARTONAGEM
A169: CARTONAGEM | B169: 200520130MM | C169: Embalagem | D169: 200520130MM | E169: EMB. BASE MESA ATHENAS VL 01 (760X390X75) S/ IM212 | F169: 1 | G169: caixas | H169: 8 | I169: 0.2 | J169: CARTONAGEM
A170: CARTONAGEM | B170: 200613330 | C170: Embalagem | D170: 200613330 | E170: EMB. TRAVESSAS MESA JADE 2,00 (1763X83X81) | F170: 1 | G170: caixas | H170: 8 | I170: 0.2 | J170: CARTONAGEM
A171: CARTONAGEM | B171: 200131131 | C171: Embalagem | D171: 200131131 | E171: EMB. CANTONEIRA MIAMI/DAKAR (800X50) | F171: 1 | G171: caixas | H171: 8 | I171: 0.2 | J171: CARTONAGEM
A172: CARTONAGEM | B172: 20013112 | C172: Embalagem | D172: 20013112 | E172: EMB. CANTONEIRA MIAMI/DAKAR (900X50) | F172: 1 | G172: caixas | H172: 8 | I172: 0.2 | J172: CARTONAGEM
A173: CARTONAGEM | B173: 30003924 | C173: Embalagem | D173: 30003924 | E173: PAPELAO CAD TRENTO (360X260) (X3) | F173: 1 | G173: caixas | H173: 8 | I173: 0.2 | J173: CARTONAGEM
A174: CARTONAGEM | B174: 200536130 | C174: Embalagem | D174: 200536130 | E174: EMB. BASE MESA ATHENAS 1,6/1,8 VL 01 (1002X452X | F174: 1 | G174: caixas | H174: 8 | I174: 0.2 | J174: CARTONAGEM
A175: CARTONAGEM | B175: 20015111 | C175: Embalagem | D175: 20015111 | E175: EMB. MESA LISBOA 1,37 (789X472X84) | F175: 1 | G175: caixas | H175: 8 | I175: 0.2 | J175: CARTONAGEM
A176: CARTONAGEM | B176: 20015211 | C176: Embalagem | D176: 20015211 | E176: EMB. MESA LISBOA 1,60 (920X460X84) | F176: 1 | G176: caixas | H176: 8 | I176: 0.2 | J176: CARTONAGEM
A177: CARTONAGEM | B177: 20015311 | C177: Embalagem | D177: 20015311 | E177: EMB. MESA LISBOA 1,80 (1132X460X87) | F177: 1 | G177: caixas | H177: 8 | I177: 0.2 | J177: CARTONAGEM
A178: CARTONAGEM | B178: 20015011 | C178: Embalagem | D178: 20015011 | E178: EMB. MESA LISBOA 0,90X0,90 (802X472X54) | F178: 1 | G178: caixas | H178: 8 | I178: 0.2 | J178: CARTONAGEM
A179: CARTONAGEM | B179: 30003930 | C179: Embalagem | D179: 30003930 | E179: EMB. CADEIRAS TRENTO (1055X442X100) | F179: 1 | G179: caixas | H179: 8 | I179: 0.2 | J179: CARTONAGEM
A180: CARTONAGEM | B180: 30003932 | C180: Embalagem | D180: 30003932 | E180: EMB. CANTONEIRA CADEIRA TRENTO (502X500X72) | F180: 1 | G180: caixas | H180: 8 | I180: 0.2 | J180: CARTONAGEM
A181: CARTONAGEM | B181: 10050530 | C181: Embalagem | D181: 10050530 | E181: EMB. BAU MALAGA (1185X465X110) | F181: 1 | G181: caixas | H181: 8 | I181: 0.2 | J181: CARTONAGEM
... A548: COPIADORA | B548: 200303205 | C548: Produto usinado | D548: 200303205 | E548: TAMPO ENGROSSADO R100 C/ VIDRO 1360X900X40 1 | F548: 1 | G548: peça | H548: 2 | I548: 1.45 | J548: CORTE
A549: COPIADORA | B549: 20060011 | C549: Produto usinado | D549: 20060011 | F549: 1 | G549: peça | H549: 2 | I549: 1.45 | J549: CORTE
A550: SECCIONADORA 10 | B550: 30082501 | C550: Produto simples | D550: 30082501 | E550: PE MAIOR 740X120 (194)X18 MDF - MESA SIENA | F550: 1 | G550: peça | H550: 1.1 | I550: 0.09375 | J550: CORTE
A551: SECCIONADORA 10 | B551: 30082502 | C551: Produto simples | D551: 30082502 | E551: PE MENOR 740X100 (164)X18 MDF - MESA SIENA | F551: 1 | G551: peça | H551: 1.1 | I551: 0.09375 | J551: CORTE
A552: SECCIONADORA 10 | B552: 30082504 | C552: Produto simples | D552: 30082504 | E552: TRAVESSA LATERAL 810X120X15 MDF-MESA SIENA | F552: 1 | G552: peça | H552: 1.1 | I552: 0.09375 | J552: CORTE
A553: SECCIONADORA 10 | B553: 30082003 | C553: Produto simples | D553: 30082003 | E553: TRAV FRONTAL 780X120X15 MDF - MESA SIENA 0,90 1 | F553: 1 | G553: peça | H553: 1.1 | I553: 0.09375 | J553: CORTE
A554: SECCIONADORA 10 | B554: 30082203 | C554: Produto simples | D554: 30082203 | E554: TRAV FRONT 1080X120X15 MDF-MESA SIENA C/V1,2 1 | F554: 1 | G554: peça | H554: 1.1 | I554: 0.09375 | J554: CORTE
A555: SECCIONADORA 10 | B555: 30082503 | C555: Produto simples | D555: 30082503 | E555: TRAV FRONT 1480X120X15 MDF-MESA SIENA C/V1,6 1 | F555: 1 | G555: peça | H555: 1.1 | I555: 0.09375 | J555: CORTE
A556: SECCIONADORA 10 | B556: 30083002 | C556: Produto simples | D556: 30083002 | E556: (4) LAT BAS INTERNA 780X455X15 MDP-MES TRENTO1 | F556: 1 | G556: peça | H556: 1.1 | I556: 0.09375 | J556: CORTE
A557: SECCIONADORA 10 | B557: 30083501 | C557: Produto simples | D557: 30083501 | E557: LAT BAS INTERNA 780X910X15 MDP-MES FLOREN 1, 1 | F557: 1 | G557: peça | H557: 1.1 | I557: 0.09375 | J557: CORTE
A558: SECCIONADORA 10 | B558: 30065002 | C558: Produto simples | D558: 30065002 | E558: LAT EXTER 760X370X12 MDF-MESA VEGAS C/V 1,10X1 | F558: 1 | G558: peça | H558: 1.1 | I558: 0.09375 | J558: CORTE
A559: SECCIONADORA 10 | B559: 30067002 | C559: Produto simples | D559: 30067002 | E559: LAT EXTERNA 760X560X12 MDF - BASE VEGAS 1,36X 1 | F559: 1 | G559: peça | H559: 1.1 | I559: 0.09375 | J559: CORTE
A560: SECCIONADORA 10 | B560: 30065003 | C560: Produto simples | D560: 30065003 | E560: LAT INTER 760X340X12 MDF-MESA VEGAS C/V 1,10X 1 | F560: 1 | G560: peça | H560: 1.1 | I560: 0.09375 | J560: CORTE
A561: SECCIONADORA 10 | B561: 30066003 | C561: Produto simples | D561: 30066003 | E561: LAT INTER 760X530X12 MDF-MESA VEGAS C/V 1,36X 1 | F561: 1 | G561: peça | H561: 1.1 | I561: 0.09375 | J561: CORTE
... A3613: UV | B3613: 30006115 | C3613: Produto com acabamento | D3613: 30006115 | E3613: TRAVESSA LATERAL ESQUERD 340X70X18 MDF-CD 5 | F3613: 1 | G3613: peça | H3613: 3.23 | I3613: 0.03826 | J3613: CORTE

Sheet 02_Cad_Maquinas
A1: Setor | B1: Maquina/Posto | C1: Responsavel | D1: Turnos/dia | E1: Horas por turno | F1: Horas disponiveis/dia | G1: Eficiencia planejada % | H1: Capacidade efetiva (min/dia) | I1: Setup medio (min)
A2: CORTE | B2: SECCIONADORA 10 | C2: GUSTAVO | D2: 1 | E2: 8.8 | F2: =IF(OR(D2="",E2=""),"",D2*E2) | G2: 0.9 | H2: =IF(OR(F2="",G2=""),"",F2*60*G2)
A3: CORTE | B3: SECCIONADORA 11 | C3: GUSTAVO | D3: 1 | E3: 8.8 | F3: =IF(OR(D3="",E3=""),"",D3*E3) | G3: 0.9 | H3: =IF(OR(F3="",G3=""),"",F3*60*G3)
A4: SERRA FITA | B4: SERRA FITA | C4: THIAGO | D4: 1 | E4: 8.8 | F4: =IF(OR(D4="",E4=""),"",D4*E4) | G4: 0.9 | H4: =IF(OR(F4="",G4=""),"",F4*60*G4)
A5: PADE VELOX | B5: PADE VELOX | C5: THIAGO | D5: 1 | E5: 8.8 | F5: =IF(OR(D5="",E5=""),"",D5*E5) | G5: 0.9 | H5: =IF(OR(F5="",G5=""),"",F5*60*G5)
A6: CNC NESTING | B6: CNC NESTING | C6: ANDERSON | D6: 1 | E6: 8.8 | F6: =IF(OR(D6="",E6=""),"",D6*E6) | G6: 0.96 | H6: =IF(OR(F6="",G6=""),"",F6*60*G6)
A7: COPIADORA | B7: COPIADORA | C7: ANDERSON | D7: 1 | E7: 8.8 | F7: =IF(OR(D7="",E7=""),"",D7*E7) | G7: 0.92 | H7: =IF(OR(F7="",G7=""),"",F7*60*G7)
A8: USINAGEM | B8: USINAGEM | C8: VAGNER | D8: 1 | E8: 8.8 | F8: =IF(OR(D8="",E8=""),"",D8*E8) | G8: 0.92 | H8: =IF(OR(F8="",G8=""),"",F8*60*G8)
A9: MONTAGEM DE TAMPOS | B9: MONTAGEM DE TAMPOS | C9: VAGNER | D9: 1 | E9: 8.8 | F9: =IF(OR(D9="",E9=""),"",D9*E9) | G9: 0.98 | H9: =IF(OR(F9="",G9=""),"",F9*60*G9)
A10: PU | B10: PU | C10: DAVID | D10: 1 | E10: 8.8 | F10: =IF(OR(D10="",E10=""),"",D10*E10) | G10: 0.95 | H10: =IF(OR(F10="",G10=""),"",F10*60*G10)
A11: FURADEIRA | B11: FURADEIRA 20 | C11: EDINILSON | D11: 1 | E11: 8.8 | F11: =IF(OR(D11="",E11=""),"",D11*E11) | G11: 0.8 | H11: =IF(OR(F11="",G11=""),"",F11*60*G11)
A12: FURADEIRA | B12: FURADEIRA 21 | C12: EDINILSON | D12: 1 | E12: 8.8 | F12: =IF(OR(D12="",E12=""),"",D12*E12) | G12: 0.8 | H12: =IF(OR(F12="",G12=""),"",F12*60*G12)
A13: FURADEIRA | B13: FURADEIRA 22 | C13: EDINILSON | D13: 1 | E13: 8.8 | F13: =IF(OR(D13="",E13=""),"",D13*E13) | G13: 0.8 | H13: =IF(OR(F13="",G13=""),"",F13*60*G13)
... A42: CNC NESTING | B42: CNC | C42: ANDERSON | D42: 1 | E42: 8.8 | F42: =IF(OR(D42="",E42=""),"",D42*E42) | G42: 0.96 | H42: =IF(OR(F42="",G42=""),"",F42*60*G42)
F43: =IF(OR(D43="",E43=""),"",D43*E43) | H43: =IF(OR(F43="",G43=""),"",F43*60*G43)
F44: =IF(OR(D44="",E44=""),"",D44*E44) | H44: =IF(OR(F44="",G44=""),"",F44*60*G44)
F45: =IF(OR(D45="",E45=""),"",D45*E45) | H45: =IF(OR(F45="",G45=""),"",F45*60*G45)
F46: =IF(OR(D46="",E46=""),"",D46*E46) | H46: =IF(OR(F46="",G46=""),"",F46*60*G46)
F47: =IF(OR(D47="",E47=""),"",D47*E47) | H47: =IF(OR(F47="",G47=""),"",F47*60*G47)
F48: =IF(OR(D48="",E48=""),"",D48*E48) | H48: =IF(OR(F48="",G48=""),"",F48*60*G48)
F49: =IF(OR(D49="",E49=""),"",D49*E49) | H49: =IF(OR(F49="",G49=""),"",F49*60*G49)
F50: =IF(OR(D50="",E50=""),"",D50*E50) | H50: =IF(OR(F50="",G50=""),"",F50*60*G50)
F51: =IF(OR(D51="",E51=""),"",D51*E51) | H51: =IF(OR(F51="",G51=""),"",F51*60*G51)
F52: =IF(OR(D52="",E52=""),"",D52*E52) | H52: =IF(OR(F52="",G52=""),"",F52*60*G52)
F53: =IF(OR(D53="",E53=""),"",D53*E53) | H53: =IF(OR(F53="",G53=""),"",F53*60*G53)
F54: =IF(OR(D54="",E54=""),"",D54*E54) | H54: =IF(OR(F54="",G54=""),"",F54*60*G54)
... F196: =IF(OR(D196="",E196=""),"",D196*E196) | H196: =IF(OR(F196="",G196=""),"",F196*60*G196)

Sheet 4_PROGRAMADO
A1: Data Entrega | B1: LOTE | C1: EQUIPAMENTO | D1: Total Peças Estimado | E1: Dias Atraso/Adiantamento | F1: Qtde Produzida | G1: Qtde em Aberto | H1: CHAVE_LOTE_EQUIPAMENTO
A2: =IF(OR($B2="",$C2=""),"",IFERROR(INDEX('5_ACOMPANHAMENTO'!$A$3:$A$4922,MATCH(1,INDEX(('5_ACOMPANHAMENTO'!$AD$3:$AD$4922=TRIM($C2&""))*('5_ACOMPANHAMENTO'!$AC$3:$AC$4922<>"")*((((I2<>"")*ISNUMBER(SEARCH("|"&I2&"|",'5_ACOMPANHAMENTO'!$AC$3:$AC$4922)))+((J2<>"")*ISNUMBER(SEARCH("|"&J2&"|",'5_ACOMPANHAMENTO'!$AC$3:$AC$4922)))+((K2<>"")*ISNUMBER(SEARCH("|"&K2&"|",'5_ACOMPANHAMENTO'!$AC$3:$AC$4922)))+((L2<>"")*ISNUMBER(SEARCH("|"&L2&"|",'5_ACOMPANHAMENTO'!$AC$3:$AC$4922)))+((M2<>"")*ISNUMBER(SEARCH("|"&M2&"|",'5_ACOMPANHAMENTO'!$AC$3:$AC$4922)))+((N2<>"")*ISNUMBER(SEARCH("|"&N2&"|",'5_ACOMPANHAMENTO'!$AC$3:$AC$4922)))+((O2<>"")*ISNUMBER(SEARCH("|"&O2&"|",'5_ACOMPANHAMENTO'!$AC$3:$AC$4922)))+((P2<>"")*ISNUMBER(SEARCH("|"&P2&"|",'5_ACOMPANHAMENTO'!$AC$3:$AC$4922)))+((Q2<>"")*ISNUMBER(SEARCH("|"&Q2&"|",'5_ACOMPANHAMENTO'!$AC$3:$AC$4922)))+((R2<>"")*ISNUMBER(SEARCH("|"&R2&"|",'5_ACOMPANHAMENTO'!$AC$3:$AC$4922)))+((S2<>"")*ISNUMBER(SEARCH("|"&S2&"|",'5_ACOMPANHAMENTO'!$AC$3:$AC$4922)))+((T2<>"")*ISNUMBER(SEARCH("|"&T2&"|",'5_ACOMPANHAMENTO'!$AC$3:$AC$4922)))+((U2<>"")*ISNUMBER(SEARCH("|"&U2&"|",'5_ACOMPANHAMENTO'!$AC$3:$AC$4922)))+((V2<>"")*ISNUMBER(SEARCH("|"&V2&"|",'5_ACOMPANHAMENTO'!$AC$3:$AC$4922)))+((W2<>"")*ISNUMBER(SEARCH("|"&W2&"|",'5_ACOMPANHAMENTO'!$AC$3:$AC$4922)))+((X2<>"")*ISNUMBER(SEARCH("|"&X2&"|",'5_ACOMPANHAMENTO'!$AC$3:$AC$4922)))+((Y2<>"")*ISNUMBER(SEARCH("|"&Y2&"|",'5_ACOMPANHAMENTO'!$AC$3:$AC$4922)))+((Z2<>"")*ISNUMBER(SEARCH("|"&Z2&"|",'5_ACOMPANHAMENTO'!$AC$3:$AC$4922)))+((AA2<>"")*ISNUMBER(SEARCH("|"&AA2&"|",'5_ACOMPANHAMENTO'!$AC$3:$AC$4922)))+((AB2<>"")*ISNUMBER(SEARCH("|"&AB2&"|",'5_ACOMPANHAMENTO'!$AC$3:$AC$4922))))>0),0),0)),"")) | B2: 10176 | C2: SECCIONADORA 10 | D2: =IF(OR($B2="",$C2=""),"",IFERROR(SUMPRODUCT(--(('5_ACOMPANHAMENTO'!$AD$3:$AD$4922=TRIM($C2&""))*('5_ACOMPANHAMENTO'!$AC$3:$AC$4922<>"")*((((I2<>"")*ISNUMBER(SEARCH("|"&I2&"|",'5_ACOMPANHAMENTO'!$AC$3:$AC$4922)))+((J2<>"")*ISNUMBER(SEARCH("|"&J2&"|",'5_ACOMPANHAMENTO'!$AC$3:$AC$4922)))+((K2<>"")*ISNUMBER(SEARCH("|"&K2&"|",'5_ACOMPANHAMENTO'!$AC$3:$AC$4922)))+((L2<>"")*ISNUMBER(SEARCH("|"&L2&"|",'5_ACOMPANHAMENTO'!$AC$3:$AC$4922)))+((M2<>"")*ISNUMBER(SEARCH("|"&M2&"|",'5_ACOMPANHAMENTO'!$AC$3:$AC$4922)))+((N2<>"")*ISNUMBER(SEARCH("|"&N2&"|",'5_ACOMPANHAMENTO'!$AC$3:$AC$4922)))+((O2<>"")*ISNUMBER(SEARCH("|"&O2&"|",'5_ACOMPANHAMENTO'!$AC$3:$AC$4922)))+((P2<>"")*ISNUMBER(SEARCH("|"&P2&"|",'5_ACOMPANHAMENTO'!$AC$3:$AC$4922)))+((Q2<>"")*ISNUMBER(SEARCH("|"&Q2&"|",'5_ACOMPANHAMENTO'!$AC$3:$AC$4922)))+((R2<>"")*ISNUMBER(SEARCH("|"&R2&"|",'5_ACOMPANHAMENTO'!$AC$3:$AC$4922)))+((S2<>"")*ISNUMBER(SEARCH("|"&S2&"|",'5_ACOMPANHAMENTO'!$AC$3:$AC$4922)))+((T2<>"")*ISNUMBER(SEARCH("|"&T2&"|",'5_ACOMPANHAMENTO'!$AC$3:$AC$4922)))+((U2<>"")*ISNUMBER(SEARCH("|"&U2&"|",'5_ACOMPANHAMENTO'!$AC$3:$AC$4922)))+((V2<>"")*ISNUMBER(SEARCH("|"&V2&"|",'5_ACOMPANHAMENTO'!$AC$3:$AC$4922)))+((W2<>"")*ISNUMBER(SEARCH("|"&W2&"|",'5_ACOMPANHAMENTO'!$AC$3:$AC$4922)))+((X2<>"")*ISNUMBER(SEARCH("|"&X2&"|",'5_ACOMPANHAMENTO'!$AC$3:$AC$4922)))+((Y2<>"")*ISNUMBER(SEARCH("|"&Y2&"|",'5_ACOMPANHAMENTO'!$AC$3:$AC$4922)))+((Z2<>"")*ISNUMBER(SEARCH("|"&Z2&"|",'5_ACOMPANHAMENTO'!$AC$3:$AC$4922)))+((AA2<>"")*ISNUMBER(SEARCH("|"&AA2&"|",'5_ACOMPANHAMENTO'!$AC$3:$AC$4922)))+((AB2<>"")*ISNUMBER(SEARCH("|"&AB2&"|",'5_ACOMPANHAMENTO'!$AC$3:$AC$4922))))>0)),'5_ACOMPANHAMENTO'!$J$3:$J$4922),0)) | E2: =IF(G2=0,"FINALIZADO",IF(TODAY()>A2,"ATRASADO "&TODAY()-A2&" DIAS","ADIANTADO "&A2-TODAY()&" DIAS")) | F2: =IF(OR($B2="",$C2=""),"",IFERROR(SUMPRODUCT(--(('5_ACOMPANHAMENTO'!$AD$3:$AD$4922=TRIM($C2&""))*('5_ACOMPANHAMENTO'!$AC$3:$AC$4922<>"")*((((I2<>"")*ISNUMBER(SEARCH("|"&I2&"|",'5_ACOMPANHAMENTO'!$AC$3:$AC$4922)))+((J2<>"")*ISNUMBER(SEARCH("|"&J2&"|",'5_ACOMPANHAMENTO'!$AC$3:$AC$4922)))+((K2<>"")*ISNUMBER(SEARCH("|"&K2&"|",'5_ACOMPANHAMENTO'!$AC$3:$AC$4922)))+((L2<>"")*ISNUMBER(SEARCH("|"&L2&"|",'5_ACOMPANHAMENTO'!$AC$3:$AC$4922)))+((M2<>"")*ISNUMBER(SEARCH("|"&M2&"|",'5_ACOMPANHAMENTO'!$AC$3:$AC$4922)))+((N2<>"")*ISNUMBER(SEARCH("|"&N2&"|",'5_ACOMPANHAMENTO'!$AC$3:$AC$4922)))+((O2<>"")*ISNUMBER(SEARCH("|"&O2&"|",'5_ACOMPANHAMENTO'!$AC$3:$AC$4922)))+((P2<>"")*ISNUMBER(SEARCH("|"&P2&"|",'5_ACOMPANHAMENTO'!$AC$3:$AC$4922)))+((Q2<>"")*ISNUMBER(SEARCH("|"&Q2&"|",'5_ACOMPANHAMENTO'!$AC$3:$AC$4922)))+((R2<>"")*ISNUMBER(SEARCH("|"&R2&"|",'5_ACOMPANHAMENTO'!$AC$3:$AC$4922)))+((S2<>"")*ISNUMBER(SEARCH("|"&S2&"|",'5_ACOMPANHAMENTO'!$AC$3:$AC$4922)))+((T2<>"")*ISNUMBER(SEARCH("|"&T2&"|",'5_ACOMPANHAMENTO'!$AC$3:$AC$4922)))+((U2<>"")*ISNUMBER(SEARCH("|"&U2&"|",'5_ACOMPANHAMENTO'!$AC$3:$AC$4922)))+((V2<>"")*ISNUMBER(SEARCH("|"&V2&"|",'5_ACOMPANHAMENTO'!$AC$3:$AC$4922)))+((W2<>"")*ISNUMBER(SEARCH("|"&W2&"|",'5_ACOMPANHAMENTO'!$AC$3:$AC$4922)))+((X2<>"")*ISNUMBER(SEARCH("|"&X2&"|",'5_ACOMPANHAMENTO'!$AC$3:$AC$4922)))+((Y2<>"")*ISNUMBER(SEARCH("|"&Y2&"|",'5_ACOMPANHAMENTO'!$AC$3:$AC$4922)))+((Z2<>"")*ISNUMBER(SEARCH("|"&Z2&"|",'5_ACOMPANHAMENTO'!$AC$3:$AC$4922)))+((AA2<>"")*ISNUMBER(SEARCH("|"&AA2&"|",'5_ACOMPANHAMENTO'!$AC$3:$AC$4922)))+((AB2<>"")*ISNUMBER(SEARCH("|"&AB2&"|",'5_ACOMPANHAMENTO'!$AC$3:$AC$4922))))>0)),'5_ACOMPANHAMENTO'!$O$3:$O$4922),0)) | G2: =IF(OR($B2="",$C2=""),"",D2-F2) | H2: =IF(OR($B2="",$C2=""),"",TRIM($B2&"")&"|"&TRIM($C2&"")) | I2: =IF($B2="","",TRIM(MID(SUBSTITUTE(TRIM(SUBSTITUTE(SUBSTITUTE(SUBSTITUTE(SUBSTITUTE(SUBSTITUTE(SUBSTITUTE(SUBSTITUTE(SUBSTITUTE(SUBSTITUTE(SUBSTITUTE(SUBSTITUTE(SUBSTITUTE(SUBSTITUTE(SUBSTITUTE(TRIM($B2&""),CHAR(10)," "),CHAR(13)," "),"."," "),";"," "),","," "),"/"," "),"+"," "),"-"," ")," "," ")," "," ")," "," ")," "," ")," "," ")," "," "))," ",REPT(" ",99)),1,99))) | J2: =IF($B2="","",TRIM(MID(SUBSTITUTE(TRIM(SUBSTITUTE(SUBSTITUTE(SUBSTITUTE(SUBSTITUTE(SUBSTITUTE(SUBSTITUTE(SUBSTITUTE(SUBSTITUTE(SUBSTITUTE(SUBSTITUTE(SUBSTITUTE(SUBSTITUTE(SUBSTITUTE(SUBSTITUTE(TRIM($B2&""),CHAR(10)," "),CHAR(13)," "),"."," "),";"," "),","," "),"/"," "),"+"," "),"-"," ")," "," ")," "," ")," "," ")," "," ")," "," ")," "," "))," ",REPT(" ",99)),100,99))) | K2: =IF($B2="","",TRIM(MID(SUBSTITUTE(TRIM(SUBSTITUTE(SUBSTITUTE(SUBSTITUTE(SUBSTITUTE(SUBSTITUTE(SUBSTITUTE(SUBSTITUTE(SUBSTITUTE(SUBSTITUTE(SUBSTITUTE(SUBSTITUTE(SUBSTITUTE(SUBSTITUTE(SUBSTITUTE(TRIM($B2&""),CHAR(10)," "),CHAR(13)," "),"."," "),";"," "),","," "),"/"," "),"+"," "),"-"," ")," "," ")," "," ")," "," ")," "," ")," "," ")," "," "))," ",REPT(" ",99)),199,99))) | L2: =IF($B2="","",TRIM(MID(SUBSTITUTE(TRIM(SUBSTITUTE(SUBSTITUTE(SUBSTITUTE(SUBSTITUTE(SUBSTITUTE(SUBSTITUTE(SUBSTITUTE(SUBSTITUTE(SUBSTITUTE(SUBSTITUTE(SUBSTITUTE(SUBSTITUTE(SUBSTITUTE(SUBSTITUTE(TRIM($B2&""),CHAR(10)," "),CHAR(13)," "),"."," "),";"," "),","," "),"/"," "),"+"," "),"-"," ")," "," ")," "," ")," "," ")," "," ")," "," ")," "," "))," ",REPT(" ",99)),298,99))) | M2: =IF($B2="","",TRIM(MID(SUBSTITUTE(TRIM(SUBSTITUTE(SUBSTITUTE(SUBSTITUTE(SUBSTITUTE(SUBSTITUTE(SUBSTITUTE(SUBSTITUTE(SUBSTITUTE(SUBSTITUTE(SUBSTITUTE(SUBSTITUTE(SUBSTITUTE(SUBSTITUTE(SUBSTITUTE(TRIM($B2&""),CHAR(10)," "),CHAR(13)," "),"."," "),";"," "),","," "),"/"," "),"+"," "),"-"," ")," "," ")," "," ")," "," ")," "," ")," "," ")," "," "))," ",REPT(" ",99)),397,99))) | N2: =IF($B2="","",TRIM(MID(SUBSTITUTE(TRIM(SUBSTITUTE(SUBSTITUTE(SUBSTITUTE(SUBSTITUTE(SUBSTITUTE(SUBSTITUTE(SUBSTITUTE(SUBSTITUTE(SUBSTITUTE(SUBSTITUTE(SUBSTITUTE(SUBSTITUTE(SUBSTITUTE(SUBSTITUTE(TRIM($B2&""),CHAR(10)," "),CHAR(13)," "),"."," "),";"," "),","," "),"/"," "),"+"," "),"-"," ")," "," ")," "," ")," "," ")," "," ")," "," ")," "," "))," ",REPT(" ",99)),496,99))) | O2: =IF($B2="","",TRIM(MID(SUBSTITUTE(TRIM(SUBSTITUTE(SUBSTITUTE(SUBSTITUTE(SUBSTITUTE(SUBSTITUTE(SUBSTITUTE(SUBSTITUTE(SUBSTITUTE(SUBSTITUTE(SUBSTITUTE(SUBSTITUTE(SUBSTITUTE(SUBSTITUTE(SUBSTITUTE(TRIM($B2&""),CHAR(10)," "),CHAR(13)," "),"."," "),";"," "),","," "),"/"," "),"+"," "),"-"," ")," "," ")," "," ")," "," ")," "," ")," "," ")," "," "))," ",REPT(" ",99)),595,99))) | P2: =IF($B2="","",TRIM(MID(SUBSTITUTE(TRIM(SUBSTITUTE(SUBSTITUTE(SUBSTITUTE(SUBSTITUTE(SUBSTITUTE(SUBSTITUTE(SUBSTITUTE(SUBSTITUTE(SUBSTITUTE(SUBSTITUTE(SUBSTITUTE(SUBSTITUTE(SUBSTITUTE(SUBSTITUTE(TRIM($B2&""),CHAR(10)," "),CHAR(13)," "),"."," "),";"," "),","," "),"/"," "),"+"," "),"-"," ")," "," ")," "," ")," "," ")," "," ")," "," ")," "," "))," ",REPT(" ",99)),694,99))) | Q2: =IF($B2="","",TRIM(MID(SUBSTITUTE(TRIM(SUBSTITUTE(SUBSTITUTE(SUBSTITUTE(SUBSTITUTE(SUBSTITUTE(SUBSTITUTE(SUBSTITUTE(SUBSTITUTE(SUBSTITUTE(SUBSTITUTE(SUBSTITUTE(SUBSTITUTE(SUBSTITUTE(SUBSTITUTE(TRIM($B2&""),CHAR(10)," "),CHAR(13)," "),"."," "),";"," "),","," "),"/"," "),"+"," "),"-"," ")," "," ")," "," ")," "," ")," "," ")," "," ")," "," "))," ",REPT(" ",99)),793,99))) | R2: =IF($B2="","",TRIM(MID(SUBSTITUTE(TRIM(SUBSTITUTE(SUBSTITUTE(SUBSTITUTE(SUBSTITUTE(SUBSTITUTE(SUBSTITUTE(SUBSTITUTE(SUBSTITUTE(SUBSTITUTE(SUBSTITUTE(SUBSTITUTE(SUBSTITUTE(SUBSTITUTE(SUBSTITUTE(TRIM($B2&""),CHAR(10)," "),CHAR(13)," "),"."," "),";"," "),","," "),"/"," "),"+"," "),"-"," ")," "," ")," "," ")," "," ")," "," ")," "," ")," "," "))," ",REPT(" ",99)),892,99))) | S2: =IF($B2="","",TRIM(MID(SUBSTITUTE(TRIM(SUBSTITUTE(SUBSTITUTE(SUBSTITUTE(SUBSTITUTE(SUBSTITUTE(SUBSTITUTE(SUBSTITUTE(SUBSTITUTE(SUBSTITUTE(SUBSTITUTE(SUBSTITUTE(SUBSTITUTE(SUBSTITUTE(SUBSTITUTE(TRIM($B2&""),CHAR(10)," "),CHAR(13)," "),"."," "),";"," "),","," "),"/"," "),"+"," "),"-"," ")," "," ")," "," ")," "," ")," "," ")," "," ")," "," "))," ",REPT(" ",99)),991,99))) | T2: =IF($B2="","",TRIM(MID(SUBSTITUTE(TRIM(SUBSTITUTE(SUBSTITUTE(SUBSTITUTE(SUBSTITUTE(SUBSTITUTE(SUBSTITUTE(SUBSTITUTE(SUBSTITUTE(SUBSTITUTE(SUBSTITUTE(SUBSTITUTE(SUBSTITUTE(SUBSTITUTE(SUBSTITUTE(TRIM($B2&""),CHAR(10)," "),CHAR(13)," "),"."," "),";"," "),","," "),"/"," "),"+"," "),"-"," ")," "," ")," "," ")," "," ")," "," ")," "," ")," "," "))," ",REPT(" ",99)),1090,99))) | U2: =IF($B2="","",TRIM(MID(SUBSTITUTE(TRIM(SUBSTITUTE(SUBSTITUTE(SUBSTITUTE(SUBSTITUTE(SUBSTITUTE(SUBSTITUTE(SUBSTITUTE(SUBSTITUTE(SUBSTITUTE(SUBSTITUTE(SUBSTITUTE(SUBSTITUTE(SUBSTITUTE(SUBSTITUTE(TRIM($B2&""),CHAR(10)," "),CHAR(13)," "),"."," "),";"," "),","," "),"/"," "),"+"," "),"-"," ")," "," ")," "," ")," "," ")," "," ")," "," ")," "," "))," ",REPT(" ",99)),1189,99))) | V2: =IF($B2="","",TRIM(MID(SUBSTITUTE(TRIM(SUBSTITUTE(SUBSTITUTE(SUBSTITUTE(SUBSTITUTE(SUBSTITUTE(SUBSTITUTE(SUBSTITUTE(SUBSTITUTE(SUBSTITUTE(SUBSTITUTE(SUBSTITUTE(SUBSTITUTE(SUBSTITUTE(SUBSTITUTE(TRIM($B2&""),CHAR(10)," "),CHAR(13)," "),"."," "),";"," "),","," "),"/"," "),"+"," "),"-"," ")," "," ")," "," ")," "," ")," "," ")," "," ")," "," "))," ",REPT(" ",99)),1288,99))) | W2: =IF($B2="","",TRIM(MID(SUBSTITUTE(TRIM(SUBSTITUTE(SUBSTITUTE(SUBSTITUTE(SUBSTITUTE(SUBSTITUTE(SUBSTITUTE(SUBSTITUTE(SUBSTITUTE(SUBSTITUTE(SUBSTITUTE(SUBSTITUTE(SUBSTITUTE(SUBSTITUTE(SUBSTITUTE(TRIM($B2&""),CHAR(10)," "),CHAR(13)," "),"."," "),";"," "),","," "),"/"," "),"+"," "),"-"," ")," "," ")," "," ")," "," ")," "," ")," "," ")," "," "))," ",REPT(" ",99)),1387,99))) | X2: =IF($B2="","",TRIM(MID(SUBSTITUTE(TRIM(SUBSTITUTE(SUBSTITUTE(SUBSTITUTE(SUBSTITUTE(SUBSTITUTE(SUBSTITUTE(SUBSTITUTE(SUBSTITUTE(SUBSTITUTE(SUBSTITUTE(SUBSTITUTE(SUBSTITUTE(SUBSTITUTE(SUBSTITUTE(TRIM($B2&""),CHAR(10)," "),CHAR(13)," "),"."," "),";"," "),","," "),"/"," "),"+"," "),"-"," ")," "," ")," "," ")," "," ")," "," ")," "," ")," "," "))," ",REPT(" ",99)),1486,99))) | Y2: =IF($B2="","",TRIM(MID(SUBSTITUTE(TRIM(SUBSTITUTE(SUBSTITUTE(SUBSTITUTE(SUBSTITUTE(SUBSTITUTE(SUBSTITUTE(SUBSTITUTE(SUBSTITUTE(SUBSTITUTE(SUBSTITUTE(SUBSTITUTE(SUBSTITUTE(SUBSTITUTE(SUBSTITUTE(TRIM($B2&""),CHAR(10)," "),CHAR(13)," "),"."," "),";"," "),","," "),"/"," "),"+"," "),"-"," ")," "," ")," "," ")," "," ")," "," ")," "," ")," "," "))," ",REPT(" ",99)),1585,99))) | Z2: =IF($B2="","",TRIM(MID(SUBSTITUTE(TRIM(SUBSTITUTE(SUBSTITUTE(SUBSTITUTE(SUBSTITUTE(SUBSTITUTE(SUBSTITUTE(SUBSTITUTE(SUBSTITUTE(SUBSTITUTE(SUBSTITUTE(SUBSTITUTE(SUBSTITUTE(SUBSTITUTE(SUBSTITUTE(TRIM($B2&""),CHAR(10)," "),CHAR(13)," "),"."," "),";"," "),","," "),"/"," "),"+"," "),"-"," ")," "," ")," "," ")," "," ")," "," ")," "," ")," "," "))," ",REPT(" ",99)),1684,99))) | AA2: =IF($B2="","",TRIM(MID(SUBSTITUTE(TRIM(SUBSTITUTE(SUBSTITUTE(SUBSTITUTE(SUBSTITUTE(SUBSTITUTE(SUBSTITUTE(SUBSTITUTE(SUBSTITUTE(SUBSTITUTE(SUBSTITUTE(SUBSTITUTE(SUBSTITUTE(SUBSTITUTE(SUBSTITUTE(TRIM($B2&""),CHAR(10)," "),CHAR(13)," "),"."," "),";"," "),","," "),"/"," "),"+"," "),"-"," ")," "," ")," "," ")," "," ")," "," ")," "," ")," "," "))," ",REPT(" ",99)),1783,99))) | AB2: =IF($B2="","",TRIM(MID(SUBSTITUTE(TRIM(SUBSTITUTE(SUBSTITUTE(SUBSTITUTE(SUBSTITUTE(SUBSTITUTE(SUBSTITUTE(SUBSTITUTE(SUBSTITUTE(SUBSTITUTE(SUBSTITUTE(SUBSTITUTE(SUBSTITUTE(SUBSTITUTE(SUBSTITUTE(TRIM($B2&""),CHAR(10)," "),CHAR(13)," "),"."," "),";"," "),","," "),"/"," "),"+"," "),"-"," ")," "," ")," "," ")," "," ")," "," ")," "," ")," "," "))," ",REPT(" ",99)),1882,99)))
A3: =IF(OR($B3="",$C3=""),"",IFERROR(INDEX('5_ACOMPANHAMENTO'!$A$3:$A$4922,MATCH(1,INDEX(('5_ACOMPANHAMENTO'!$AD$3:$AD$4922=TRIM($C3&""))*('5_ACOMPANHAMENTO'!$AC$3:$AC$4922<>"")*((((I3<>"")*ISNUMBER(SEARCH("|"&I3&"|",'5_ACOMPANHAMENTO'!$AC$3:$AC$4922)))+((J3<>"")*ISNUMBER(SEARCH("|"&J3&"|",'5_ACOMPANHAMENTO'!$AC$3:$AC$4922)))+((K3<>"")*ISNUMBER(SEARCH("|"&K3&"|",'5_ACOMPANHAMENTO'!$AC$3:$AC$4922)))+((L3<>"")*ISNUMBER(SEARCH("|"&L3&"|",'5_ACOMPANHAMENTO'!$AC$3:$AC$4922)))+((M3<>"")*ISNUMBER(SEARCH("|"&M3&"|",'5_ACOMPANHAMENTO'!$AC$3:$AC$4922)))+((N3<>"")*ISNUMBER(SEARCH("|"&N3&"|",'5_ACOMPANHAMENTO'!$AC$3:$AC$4922)))+((O3<>"")*ISNUMBER(SEARCH("|"&O3&"|",'5_ACOMPANHAMENTO'!$AC$3:$AC$4922)))+((P3<>"")*ISNUMBER(SEARCH("|"&P3&"|",'5_ACOMPANHAMENTO'!$AC$3:$AC$4922)))+((Q3<>"")*ISNUMBER(SEARCH("|"&Q3&"|",'5_ACOMPANHAMENTO'!$AC$3:$AC$4922)))+((R3<>"")*ISNUMBER(SEARCH("|"&R3&"|",'5_ACOMPANHAMENTO'!$AC$3:$AC$4922)))+((S3<>"")*ISNUMBER(SEARCH("|"&S3&"|",'5_ACOMPANHAMENTO'!$AC$3:$AC$4922)))+((T3<>"")*ISNUMBER(SEARCH("|"&T3&"|",'5_ACOMPANHAMENTO'!$AC$3:$AC$4922)))+((U3<>"")*ISNUMBER(SEARCH("|"&U3&"|",'5_ACOMPANHAMENTO'!$AC$3:$AC$4922)))+((V3<>"")*ISNUMBER(SEARCH("|"&V3&"|",'5_ACOMPANHAMENTO'!$AC$3:$AC$4922)))+((W3<>"")*ISNUMBER(SEARCH("|"&W3&"|",'5_ACOMPANHAMENTO'!$AC$3:$AC$4922)))+((X3<>"")*ISNUMBER(SEARCH("|"&X3&"|",'5_ACOMPANHAMENTO'!$AC$3:$AC$4922)))+((Y3<>"")*ISNUMBER(SEARCH("|"&Y3&"|",'5_ACOMPANHAMENTO'!$AC$3:$AC$4922)))+((Z3<>"")*ISNUMBER(SEARCH("|"&Z3&"|",'5_ACOMPANHAMENTO'!$AC$3:$AC$4922)))+((AA3<>"")*ISNUMBER(SEARCH("|"&AA3&"|",'5_ACOMPANHAMENTO'!$AC$3:$AC$4922)))+((AB3<>"")*ISNUMBER(SEARCH("|"&AB3&"|",'5_ACOMPANHAMENTO'!$AC$3:$AC$4922))))>0),0),0)),"")) | B3: 10176 | C3: SECCIONADORA 11 | D3: =IF(OR($B3="",$C3=""),"",IFERROR(SUMPRODUCT(--(('5_ACOMPANHAMENTO'!$AD$3:$AD$4922=TRIM($C3&""))*('5_ACOMPANHAMENTO'!$AC$3:$AC$4922<>"")*((((I3<>"")*ISNUMBER(SEARCH("|"&I3&"|",'5_ACOMPANHAMENTO'!$AC$3:$AC$4922)))+((J3<>"")*ISNUMBER(SEARCH("|"&J3&"|",'5_ACOMPANHAMENTO'!$AC$3:$AC$4922)))+((K3<>"")*ISNUMBER(SEARCH("|"&K3&"|",'5_ACOMPANHAMENTO'!$AC$3:$AC$4922)))+((L3<>"")*ISNUMBER(SEARCH("|"&L3&"|",'5_ACOMPANHAMENTO'!$AC$3:$AC$4922)))+((M3<>"")*ISNUMBER(SEARCH("|"&M3&"|",'5_ACOMPANHAMENTO'!$AC$3:$AC$4922)))+((N3<>"")*ISNUMBER(SEARCH("|"&N3&"|",'5_ACOMPANHAMENTO'!$AC$3:$AC$4922)))+((O3<>"")*ISNUMBER(SEARCH("|"&O3&"|",'5_ACOMPANHAMENTO'!$AC$3:$AC$4922)))+((P3<>"")*ISNUMBER(SEARCH("|"&P3&"|",'5_ACOMPANHAMENTO'!$AC$3:$AC$4922)))+((Q3<>"")*ISNUMBER(SEARCH("|"&Q3&"|",'5_ACOMPANHAMENTO'!$AC$3:$AC$4922)))+((R3<>"")*ISNUMBER(SEARCH("|"&R3&"|",'5_ACOMPANHAMENTO'!$AC$3:$AC$4922)))+((S3<>"")*ISNUMBER(SEARCH("|"&S3&"|",'5_ACOMPANHAMENTO'!$AC$3:$AC$4922)))+((T3<>"")*ISNUMBER(SEARCH("|"&T3&"|",'5_ACOMPANHAMENTO'!$AC$3:$AC$4922)))+((U3<>"")*ISNUMBER(SEARCH("|"&U3&"|",'5_ACOMPANHAMENTO'!$AC$3:$AC$4922)))+((V3<>"")*ISNUMBER(SEARCH("|"&V3&"|",'5_ACOMPANHAMENTO'!$AC$3:$AC$4922)))+((W3<>"")*ISNUMBER(SEARCH("|"&W3&"|",'5_ACOMPANHAMENTO'!$AC$3:$AC$4922)))+((X3<>"")*ISNUMBER(SEARCH("|"&X3&"|",'5_ACOMPANHAMENTO'!$AC$3:$AC$4922)))+((Y3<>"")*ISNUMBER(SEARCH("|"&Y3&"|",'5_ACOMPANHAMENTO'!$AC$3:$AC$4922)))+((Z3<>"")*ISNUMBER(SEARCH("|"&Z3&"|",'5_ACOMPANHAMENTO'!$AC$3:$AC$4922)))+((AA3<>"")*ISNUMBER(SEARCH("|"&AA3&"|",'5_ACOMPANHAMENTO'!$AC$3:$AC$4922)))+((AB3<>"")*ISNUMBER(SEARCH("|"&AB3&"|",'5_ACOMPANHAMENTO'!$AC$3:$AC$4922))))>0)),'5_ACOMPANHAMENTO'!$J$3:$J$4922),0)) | E3: =IF(G3=0,"FINALIZADO",IF(TODAY()>A3,"ATRASADO "&TODAY()-A3&" DIAS","ADIANTADO "&A3-TODAY()&" DIAS")) | F3: =IF(OR($B3="",$C3=""),"",IFERROR(SUMPRODUCT(--(('5_ACOMPANHAMENTO'!$AD$3:$AD$4922=TRIM($C3&""))*('5_ACOMPANHAMENTO'!$AC$3:$AC$4922<>"")*((((I3<>"")*ISNUMBER(SEARCH("|"&I3&"|",'5_ACOMPANHAMENTO'!$AC$3:$AC$4922)))+((J3<>"")*ISNUMBER(SEARCH("|"&J3&"|",'5_ACOMPANHAMENTO'!$AC$3:$AC$4922)))+((K3<>"")*ISNUMBER(SEARCH("|"&K3&"|",'5_ACOMPANHAMENTO'!$AC$3:$AC$4922)))+((L3<>"")*ISNUMBER(SEARCH("|"&L3&"|",'5_ACOMPANHAMENTO'!$AC$3:$AC$4922)))+((M3<>"")*ISNUMBER(SEARCH("|"&M3&"|",'5_ACOMPANHAMENTO'!$AC$3:$AC$4922)))+((N3<>"")*ISNUMBER(SEARCH("|"&N3&"|",'5_ACOMPANHAMENTO'!$AC$3:$AC$4922)))+((O3<>"")*ISNUMBER(SEARCH("|"&O3&"|",'5_ACOMPANHAMENTO'!$AC$3:$AC$4922)))+((P3<>"")*ISNUMBER(SEARCH("|"&P3&"|",'5_ACOMPANHAMENTO'!$AC$3:$AC$4922)))+((Q3<>"")*ISNUMBER(SEARCH("|"&Q3&"|",'5_ACOMPANHAMENTO'!$AC$3:$AC$4922)))+((R3<>"")*ISNUMBER(SEARCH("|"&R3&"|",'5_ACOMPANHAMENTO'!$AC$3:$AC$4922)))+((S3<>"")*ISNUMBER(SEARCH("|"&S3&"|",'5_ACOMPANHAMENTO'!$AC$3:$AC$4922)))+((T3<>"")*ISNUMBER(SEARCH("|"&T3&"|",'5_ACOMPANHAMENTO'!$AC$3:$AC$4922)))+((U3<>"")*ISNUMBER(SEARCH("|"&U3&"|",'5_ACOMPANHAMENTO'!$AC$3:$AC$4922)))+((V3<>"")*ISNUMBER(SEARCH("|"&V3&"|",'5_ACOMPANHAMENTO'!$AC$3:$AC$4922)))+((W3<>"")*ISNUMBER(SEARCH("|"&W3&"|",'5_ACOMPANHAMENTO'!$AC$3:$AC$4922)))+((X3<>"")*ISNUMBER(SEARCH("|"&X3&"|",'5_ACOMPANHAMENTO'!$AC$3:$AC$4922)))+((Y3<>"")*ISNUMBER(SEARCH("|"&Y3&"|",'5_ACOMPANHAMENTO'!$AC$3:$AC$4922)))+((Z3<>"")*ISNUMBER(SEARCH("|"&Z3&"|",'5_ACOMPANHAMENTO'!$AC$3:$AC$4922)))+((AA3<>"")*ISNUMBER(SEARCH("|"&AA3&"|",'5_ACOMPANHAMENTO'!$AC$3:$AC$4922)))+((AB3<>"")*ISNUMBER(SEARCH("|"&AB3&"|",'5_ACOMPANHAMENTO'!$AC$3:$AC$4922))))>0)),'5_ACOMPANHAMENTO'!$O$3:$O$4922),0)) | G3: =IF(OR($B3="",$C3=""),"",D3-F3) | H3: =IF(OR($B3="",$C3=""),"",TRIM($B3&"")&"|"&TRIM($C3&"")) | I3: =IF($B3="","",TRIM(MID(SUBSTITUTE(TRIM(SUBSTITUTE(SUBSTITUTE(SUBSTITUTE(SUBSTITUTE(SUBSTITUTE(SUBSTITUTE(SUBSTITUTE(SUBSTITUTE(SUBSTITUTE(SUBSTITUTE(SUBSTITUTE(SUBSTITUTE(SUBSTITUTE(SUBSTITUTE(TRIM($B3&""),CHAR(10)," "),CHAR(13)," "),"."," "),";"," "),","," "),"/"," "),"+"," "),"-"," ")," "," ")," "," ")," "," ")," "," ")," "," ")," "," "))," ",REPT(" ",99)),1,99))) | J3: =IF($B3="","",TRIM(MID(SUBSTITUTE(TRIM(SUBSTITUTE(SUBSTITUTE(SUBSTITUTE(SUBSTITUTE(SUBSTITUTE(SUBSTITUTE(SUBSTITUTE(SUBSTITUTE(SUBSTITUTE(SUBSTITUTE(SUBSTITUTE(SUBSTITUTE(SUBSTITUTE(SUBSTITUTE(TRIM($B3&""),CHAR(10)," "),CHAR(13)," "),"."," "),";"," "),","," "),"/"," "),"+"," "),"-"," ")," "," ")," "," ")," "," ")," "," ")," "," ")," "," "))," ",REPT(" ",99)),100,99))) | K3: =IF($B3="","",TRIM(MID(SUBSTITUTE(TRIM(SUBSTITUTE(SUBSTITUTE(SUBSTITUTE(SUBSTITUTE(SUBSTITUTE(SUBSTITUTE(SUBSTITUTE(SUBSTITUTE(SUBSTITUTE(SUBSTITUTE(SUBSTITUTE(SUBSTITUTE(SUBSTITUTE(SUBSTITUTE(TRIM($B3&""),CHAR(10)," "),CHAR(13)," "),"."," "),";"," "),","," "),"/"," "),"+"," "),"-"," ")," "," ")," "," ")," "," ")," "," ")," "," ")," "," "))," ",REPT(" ",99)),199,99))) | L3: =IF($B3="","",TRIM(MID(SUBSTITUTE(TRIM(SUBSTITUTE(SUBSTITUTE(SUBSTITUTE(SUBSTITUTE(SUBSTITUTE(SUBSTITUTE(SUBSTITUTE(SUBSTITUTE(SUBSTITUTE(SUBSTITUTE(SUBSTITUTE(SUBSTITUTE(SUBSTITUTE(SUBSTITUTE(TRIM($B3&""),CHAR(10)," "),CHAR(13)," "),"."," "),";"," "),","," "),"/"," "),"+"," "),"-"," ")," "," ")," "," ")," "," ")," "," ")," "," ")," "," "))," ",REPT(" ",99)),298,99))) | M3: =IF($B3="","",TRIM(MID(SUBSTITUTE(TRIM(SUBSTITUTE(SUBSTITUTE(SUBSTITUTE(SUBSTITUTE(SUBSTITUTE(SUBSTITUTE(SUBSTITUTE(SUBSTITUTE(SUBSTITUTE(SUBSTITUTE(SUBSTITUTE(SUBSTITUTE(SUBSTITUTE(SUBSTITUTE(TRIM($B3&""),CHAR(10)," "),CHAR(13)," "),"."," "),";"," "),","," "),"/"," "),"+"," "),"-"," ")," "," ")," "," ")," "," ")," "," ")," "," ")," "," "))," ",REPT(" ",99)),397,99))) | N3: =IF($B3="","",TRIM(MID(SUBSTITUTE(TRIM(SUBSTITUTE(SUBSTITUTE(SUBSTITUTE(SUBSTITUTE(SUBSTITUTE(SUBSTITUTE(SUBSTITUTE(SUBSTITUTE(SUBSTITUTE(SUBSTITUTE(SUBSTITUTE(SUBSTITUTE(SUBSTITUTE(SUBSTITUTE(TRIM($B3&""),CHAR(10)," "),CHAR(13)," "),"."," "),";"," "),","," "),"/"," "),"+"," "),"-"," ")," "," ")," "," ")," "," ")," "," ")," "," ")," "," "))," ",REPT(" ",99)),496,99))) | O3: =IF($B3="","",TRIM(MID(SUBSTITUTE(TRIM(SUBSTITUTE(SUBSTITUTE(SUBSTITUTE(SUBSTITUTE(SUBSTITUTE(SUBSTITUTE(SUBSTITUTE(SUBSTITUTE(SUBSTITUTE(SUBSTITUTE(SUBSTITUTE(SUBSTITUTE(SUBSTITUTE(SUBSTITUTE(TRIM($B3&""),CHAR(10)," "),CHAR(13)," "),"."," "),";"," "),","," "),"/"," "),"+"," "),"-"," ")," "," ")," "," ")," "," ")," "," ")," "," ")," "," "))," ",REPT(" ",99)),595,99))) | P3: =IF($B3="","",TRIM(MID(SUBSTITUTE(TRIM(SUBSTITUTE(SUBSTITUTE(SUBSTITUTE(SUBSTITUTE(SUBSTITUTE(SUBSTITUTE(SUBSTITUTE(SUBSTITUTE(SUBSTITUTE(SUBSTITUTE(SUBSTITUTE(SUBSTITUTE(SUBSTITUTE(SUBSTITUTE(TRIM($B3&""),CHAR(10)," "),CHAR(13)," "),"."," "),";"," "),","," "),"/"," "),"+"," "),"-"," ")," "," ")," "," ")," "," ")," "," ")," "," ")," "," "))," ",REPT(" ",99)),694,99))) | Q3: =IF($B3="","",TRIM(MID(SUBSTITUTE(TRIM(SUBSTITUTE(SUBSTITUTE(SUBSTITUTE(SUBSTITUTE(SUBSTITUTE(SUBSTITUTE(SUBSTITUTE(SUBSTITUTE(SUBSTITUTE(SUBSTITUTE(SUBSTITUTE(SUBSTITUTE(SUBSTITUTE(SUBSTITUTE(TRIM($B3&""),CHAR(10)," "),CHAR(13)," "),"."," "),";"," "),","," "),"/"," "),"+"," "),"-"," ")," "," ")," "," ")," "," ")," "," ")," "," ")," "," "))," ",REPT(" ",99)),793,99))) | R3: =IF($B3="","",TRIM(MID(SUBSTITUTE(TRIM(SUBSTITUTE(SUBSTITUTE(SUBSTITUTE(SUBSTITUTE(SUBSTITUTE(SUBSTITUTE(SUBSTITUTE(SUBSTITUTE(SUBSTITUTE(SUBSTITUTE(SUBSTITUTE(SUBSTITUTE(SUBSTITUTE(SUBSTITUTE(TRIM($B3&""),CHAR(10)," "),CHAR(13)," "),"."," "),";"," "),","," "),"/"," "),"+"," "),"-"," ")," "," ")," "," ")," "," ")," "," ")," "," ")," "," "))," ",REPT(" ",99)),892,99))) | S3: =IF($B3="","",TRIM(MID(SUBSTITUTE(TRIM(SUBSTITUTE(SUBSTITUTE(SUBSTITUTE(SUBSTITUTE(SUBSTITUTE(SUBSTITUTE(SUBSTITUTE(SUBSTITUTE(SUBSTITUTE(SUBSTITUTE(SUBSTITUTE(SUBSTITUTE(SUBSTITUTE(SUBSTITUTE(TRIM($B3&""),CHAR(10)," "),CHAR(13)," "),"."," "),";"," "),","," "),"/"," "),"+"," "),"-"," ")," "," ")," "," ")," "," ")," "," ")," "," ")," "," "))," ",REPT(" ",99)),991,99))) | T3: =IF($B3="","",TRIM(MID(SUBSTITUTE(TRIM(SUBSTITUTE(SUBSTITUTE(SUBSTITUTE(SUBSTITUTE(SUBSTITUTE(SUBSTITUTE(SUBSTITUTE(SUBSTITUTE(SUBSTITUTE(SUBSTITUTE(SUBSTITUTE(SUBSTITUTE(SUBSTITUTE(SUBSTITUTE(TRIM($B3&""),CHAR(10)," "),CHAR(13)," "),"."," "),";"," "),","," "),"/"," "),"+"," "),"-"," ")," "," ")," "," ")," "," ")," "," ")," "," ")," "," "))," ",REPT(" ",99)),1090,99))) | U3: =IF($B3="","",TRIM(MID(SUBSTITUTE(TRIM(SUBSTITUTE(SUBSTITUTE(SUBSTITUTE(SUBSTITUTE(SUBSTITUTE(SUBSTITUTE(SUBSTITUTE(SUBSTITUTE(SUBSTITUTE(SUBSTITUTE(SUBSTITUTE(SUBSTITUTE(SUBSTITUTE(SUBSTITUTE(TRIM($B3&""),CHAR(10)," "),CHAR(13)," "),"."," "),";"," "),","," "),"/"," "),"+"," "),"-"," ")," "," ")," "," ")," "," ")," "," ")," "," ")," "," "))," ",REPT(" ",99)),1189,99))) | V3: =IF($B3="","",TRIM(MID(SUBSTITUTE(TRIM(SUBSTITUTE(SUBSTITUTE(SUBSTITUTE(SUBSTITUTE(SUBSTITUTE(SUBSTITUTE(SUBSTITUTE(SUBSTITUTE(SUBSTITUTE(SUBSTITUTE(SUBSTITUTE(SUBSTITUTE(SUBSTITUTE(SUBSTITUTE(TRIM($B3&""),CHAR(10)," "),CHAR(13)," "),"."," "),";"," "),","," "),"/"," "),"+"," "),"-"," ")," "," ")," "," ")," "," ")," "," ")," "," ")," "," "))," ",REPT(" ",99)),1288,99))) | W3: =IF($B3="","",TRIM(MID(SUBSTITUTE(TRIM(SUBSTITUTE(SUBSTITUTE(SUBSTITUTE(SUBSTITUTE(SUBSTITUTE(SUBSTITUTE(SUBSTITUTE(SUBSTITUTE(SUBSTITUTE(SUBSTITUTE(SUBSTITUTE(SUBSTITUTE(SUBSTITUTE(SUBSTITUTE(TRIM($B3&""),CHAR(10)," "),CHAR(13)," "),"."," "),";"," "),","," "),"/"," "),"+"," "),"-"," ")," "," ")," "," ")," "," ")," "," ")," "," ")," "," "))," ",REPT(" ",99)),1387,99))) | X3: =IF($B3="","",TRIM(MID(SUBSTITUTE(TRIM(SUBSTITUTE(SUBSTITUTE(SUBSTITUTE(SUBSTITUTE(SUBSTITUTE(SUBSTITUTE(SUBSTITUTE(SUBSTITUTE(SUBSTITUTE(SUBSTITUTE(SUBSTITUTE(SUBSTITUTE(SUBSTITUTE(SUBSTITUTE(TRIM($B3&""),CHAR(10)," "),CHAR(13)," "),"."," "),";"," "),","," "),"/"," "),"+"," "),"-"," ")," "," ")," "," ")," "," ")," "," ")," "," ")," "," "))," ",REPT(" ",99)),1486,99))) | Y3: =IF($B3="","",TRIM(MID(SUBSTITUTE(TRIM(SUBSTITUTE(SUBSTITUTE(SUBSTITUTE(SUBSTITUTE(SUBSTITUTE(SUBSTITUTE(SUBSTITUTE(SUBSTITUTE(SUBSTITUTE(SUBSTITUTE(SUBSTITUTE(SUBSTITUTE(SUBSTITUTE(SUBSTITUTE(TRIM($B3&""),CHAR(10)," "),CHAR(13)," "),"."," "),";"," "),","," "),"/"," "),"+"," "),"-"," ")," "," ")," "," ")," "," ")," "," ")," "," ")," "," "))," ",REPT(" ",99)),1585,99))) | Z3: =IF($B3="","",TRIM(MID(SUBSTITUTE(TRIM(SUBSTITUTE(SUBSTITUTE(SUBSTITUTE(SUBSTITUTE(SUBSTITUTE(SUBSTITUTE(SUBSTITUTE(SUBSTITUTE(SUBSTITUTE(SUBSTITUTE(SUBSTITUTE(SUBSTITUTE(SUBSTITUTE(SUBSTITUTE(TRIM($B3&""),CHAR(10)," "),CHAR(13)," "),"."," "),";"," "),","," "),"/"," "),"+"," "),"-"," ")," "," ")," "," ")," "," ")," "," ")," "," ")," "," "))," ",REPT(" ",99)),1684,99))) | AA3: =IF($B3="","",TRIM(MID(SUBSTITUTE(TRIM(SUBSTITUTE(SUBSTITUTE(SUBSTITUTE(SUBSTITUTE(SUBSTITUTE(SUBSTITUTE(SUBSTITUTE(SUBSTITUTE(SUBSTITUTE(SUBSTITUTE(SUBSTITUTE(SUBSTITUTE(SUBSTITUTE(SUBSTITUTE(TRIM($B3&""),CHAR(10)," "),CHAR(13)," "),"."," "),";"," "),","," "),"/"," "),"+"," "),"-"," ")," "," ")," "," ")," "," ")," "," ")," "," ")," "," "))," ",REPT(" ",99)),1783,99))) | AB3: =IF($B3="","",TRIM(MID(SUBSTITUTE(TRIM(SUBSTITUTE(SUBSTITUTE(SUBSTITUTE(SUBSTITUTE(SUBSTITUTE(SUBSTITUTE(SUBSTITUTE(SUBSTITUTE(SUBSTITUTE(SUBSTITUTE(SUBSTITUTE(SUBSTITUTE(SUBSTITUTE(SUBSTITUTE(TRIM($B3&""),CHAR(10)," "),CHAR(13)," "),"."," "),";"," "),","," "),"/"," "),"+"," "),"-"," ")," "," ")," "," ")," "," ")," "," ")," "," ")," "," "))," ",REPT(" ",99)),1882,99)))
A4: =IF(OR($B4="",$C4=""),"",IFERROR(INDEX('5_ACOMPANHAMENTO'!$A$3:$A$4922,MATCH(1,INDEX(('5_ACOMPANHAMENTO'!$AD$3:$AD$4922=TRIM($C4&""))*('5_ACOMPANHAMENTO'!$AC$3:$AC$4922<>"")*((((I4<>"")*ISNUMBER(SEARCH("|"&I4&"|",'5_ACOMPANHAMENTO'!$AC$3:$AC$4922)))+((J4<>"")*ISNUMBER(SEARCH("|"&J4&"|",'5_ACOMPANHAMENTO'!$AC$3:$AC$4922)))+((K4<>"")*ISNUMBER(SEARCH("|"&K4&"|",'5_ACOMPANHAMENTO'!$AC$3:$AC$4922)))+((L4<>"")*ISNUMBER(SEARCH("|"&L4&"|",'5_ACOMPANHAMENTO'!$AC$3:$AC$4922)))+((M4<>"")*ISNUMBER(SEARCH("|"&M4&"|",'5_ACOMPANHAMENTO'!$AC$3:$AC$4922)))+((N4<>"")*ISNUMBER(SEARCH("|"&N4&"|",'5_ACOMPANHAMENTO'!$AC$3:$AC$4922)))+((O4<>"")*ISNUMBER(SEARCH("|"&O4&"|",'5_ACOMPANHAMENTO'!$AC$3:$AC$4922)))+((P4<>"")*ISNUMBER(SEARCH("|"&P4&"|",'5_ACOMPANHAMENTO'!$AC$3:$AC$4922)))+((Q4<>"")*ISNUMBER(SEARCH("|"&Q4&"|",'5_ACOMPANHAMENTO'!$AC$3:$AC$4922)))+((R4<>"")*ISNUMBER(SEARCH("|"&R4&"|",'5_ACOMPANHAMENTO'!$AC$3:$AC$4922)))+((S4<>"")*ISNUMBER(SEARCH("|"&S4&"|",'5_ACOMPANHAMENTO'!$AC$3:$AC$4922)))+((T4<>"")*ISNUMBER(SEARCH("|"&T4&"|",'5_ACOMPANHAMENTO'!$AC$3:$AC$4922)))+((U4<>"")*ISNUMBER(SEARCH("|"&U4&"|",'5_ACOMPANHAMENTO'!$AC$3:$AC$4922)))+((V4<>"")*ISNUMBER(SEARCH("|"&V4&"|",'5_ACOMPANHAMENTO'!$AC$3:$AC$4922)))+((W4<>"")*ISNUMBER(SEARCH("|"&W4&"|",'5_ACOMPANHAMENTO'!$AC$3:$AC$4922)))+((X4<>"")*ISNUMBER(SEARCH("|"&X4&"|",'5_ACOMPANHAMENTO'!$AC$3:$AC$4922)))+((Y4<>"")*ISNUMBER(SEARCH("|"&Y4&"|",'5_ACOMPANHAMENTO'!$AC$3:$AC$4922)))+((Z4<>"")*ISNUMBER(SEARCH("|"&Z4&"|",'5_ACOMPANHAMENTO'!$AC$3:$AC$4922)))+((AA4<>"")*ISNUMBER(SEARCH("|"&AA4&"|",'5_ACOMPANHAMENTO'!$AC$3:$AC$4922)))+((AB4<>"")*ISNUMBER(SEARCH("|"&AB4&"|",'5_ACOMPANHAMENTO'!$AC$3:$AC$4922))))>0),0),0)),"")) | B4: 10176 | C4: SERRA FITA | D4: =IF(OR($B4="",$C4=""),"",IFERROR(SUMPRODUCT(--(('5_ACOMPANHAMENTO'!$AD$3:$AD$4922=TRIM($C4&""))*('5_ACOMPANHAMENTO'!$AC$3:$AC$4922<>"")*((((I4<>"")*ISNUMBER(SEARCH("|"&I4&"|",'5_ACOMPANHAMENTO'!$AC$3:$AC$4922)))+((J4<>"")*ISNUMBER(SEARCH("|"&J4&"|",'5_ACOMPANHAMENTO'!$AC$3:$AC$4922)))+((K4<>"")*ISNUMBER(SEARCH("|"&K4&"|",'5_ACOMPANHAMENTO'!$AC$3:$AC$4922)))+((L4<>"")*ISNUMBER(SEARCH("|"&L4&"|",'5_ACOMPANHAMENTO'!$AC$3:$AC$4922)))+((M4<>"")*ISNUMBER(SEARCH("|"&M4&"|",'5_ACOMPANHAMENTO'!$AC$3:$AC$4922)))+((N4<>"")*ISNUMBER(SEARCH("|"&N4&"|",'5_ACOMPANHAMENTO'!$AC$3:$AC$4922)))+((O4<>"")*ISNUMBER(SEARCH("|"&O4&"|",'5_ACOMPANHAMENTO'!$AC$3:$AC$4922)))+((P4<>"")*ISNUMBER(SEARCH("|"&P4&"|",'5_ACOMPANHAMENTO'!$AC$3:$AC$4922)))+((Q4<>"")*ISNUMBER(SEARCH("|"&Q4&"|",'5_ACOMPANHAMENTO'!$AC$3:$AC$4922)))+((R4<>"")*ISNUMBER(SEARCH("|"&R4&"|",'5_ACOMPANHAMENTO'!$AC$3:$AC$4922)))+((S4<>"")*ISNUMBER(SEARCH("|"&S4&"|",'5_ACOMPANHAMENTO'!$AC$3:$AC$4922)))+((T4<>"")*ISNUMBER(SEARCH("|"&T4&"|",'5_ACOMPANHAMENTO'!$AC$3:$AC$4922)))+((U4<>"")*ISNUMBER(SEARCH("|"&U4&"|",'5_ACOMPANHAMENTO'!$AC$3:$AC$4922)))+((V4<>"")*ISNUMBER(SEARCH("|"&V4&"|",'5_ACOMPANHAMENTO'!$AC$3:$AC$4922)))+((W4<>"")*ISNUMBER(SEARCH("|"&W4&"|",'5_ACOMPANHAMENTO'!$AC$3:$AC$4922)))+((X4<>"")*ISNUMBER(SEARCH("|"&X4&"|",'5_ACOMPANHAMENTO'!$AC$3:$AC$4922)))+((Y4<>"")*ISNUMBER(SEARCH("|"&Y4&"|",'5_ACOMPANHAMENTO'!$AC$3:$AC$4922)))+((Z4<>"")*ISNUMBER(SEARCH("|"&Z4&"|",'5_ACOMPANHAMENTO'!$AC$3:$AC$4922)))+((AA4<>"")*ISNUMBER(SEARCH("|"&AA4&"|",'5_ACOMPANHAMENTO'!$AC$3:$AC$4922)))+((AB4<>"")*ISNUMBER(SEARCH("|"&AB4&"|",'5_ACOMPANHAMENTO'!$AC$3:$AC$4922))))>0)),'5_ACOMPANHAMENTO'!$J$3:$J$4922),0)) | E4: =IF(G4=0,"FINALIZADO",IF(TODAY()>A4,"ATRASADO "&TODAY()-A4&" DIAS","ADIANTADO "&A4-TODAY()&" DIAS")) | F4: =IF(OR($B4="",$C4=""),"",IFERROR(SUMPRODUCT(--(('5_ACOMPANHAMENTO'!$AD$3:$AD$4922=TRIM($C4&""))*('5_ACOMPANHAMENTO'!$AC$3:$AC$4922<>"")*((((I4<>"")*ISNUMBER(SEARCH("|"&I4&"|",'5_ACOMPANHAMENTO'!$AC$3:$AC$4922)))+((J4<>"")*ISNUMBER(SEARCH("|"&J4&"|",'5_ACOMPANHAMENTO'!$AC$3:$AC$4922)))+((K4<>"")*ISNUMBER(SEARCH("|"&K4&"|",'5_ACOMPANHAMENTO'!$AC$3:$AC$4922)))+((L4<>"")*ISNUMBER(SEARCH("|"&L4&"|",'5_ACOMPANHAMENTO'!$AC$3:$AC$4922)))+((M4<>"")*ISNUMBER(SEARCH("|"&M4&"|",'5_ACOMPANHAMENTO'!$AC$3:$AC$4922)))+((N4<>"")*ISNUMBER(SEARCH("|"&N4&"|",'5_ACOMPANHAMENTO'!$AC$3:$AC$4922)))+((O4<>"")*ISNUMBER(SEARCH("|"&O4&"|",'5_ACOMPANHAMENTO'!$AC$3:$AC$4922)))+((P4<>"")*ISNUMBER(SEARCH("|"&P4&"|",'5_ACOMPANHAMENTO'!$AC$3:$AC$4922)))+((Q4<>"")*ISNUMBER(SEARCH("|"&Q4&"|",'5_ACOMPANHAMENTO'!$AC$3:$AC$4922)))+((R4<>"")*ISNUMBER(SEARCH("|"&R4&"|",'5_ACOMPANHAMENTO'!$AC$3:$AC$4922)))+((S4<>"")*ISNUMBER(SEARCH("|"&S4&"|",'5_ACOMPANHAMENTO'!$AC$3:$AC$4922)))+((T4<>"")*ISNUMBER(SEARCH("|"&T4&"|",'5_ACOMPANHAMENTO'!$AC$3:$AC$4922)))+((U4<>"")*ISNUMBER(SEARCH("|"&U4&"|",'5_ACOMPANHAMENTO'!$AC$3:$AC$4922)))+((V4<>"")*ISNUMBER(SEARCH("|"&V4&"|",'5_ACOMPANHAMENTO'!$AC$3:$AC$4922)))+((W4<>"")*ISNUMBER(SEARCH("|"&W4&"|",'5_ACOMPANHAMENTO'!$AC$3:$AC$4922)))+((X4<>"")*ISNUMBER(SEARCH("|"&X4&"|",'5_ACOMPANHAMENTO'!$AC$3:$AC$4922)))+((Y4<>"")*ISNUMBER(SEARCH("|"&Y4&"|",'5_ACOMPANHAMENTO'!$AC$3:$AC$4922)))+((Z4<>"")*ISNUMBER(SEARCH("|"&Z4&"|",'5_ACOMPANHAMENTO'!$AC$3:$AC$4922)))+((AA4<>"")*ISNUMBER(SEARCH("|"&AA4&"|",'5_ACOMPANHAMENTO'!$AC$3:$AC$4922)))+((AB4<>"")*ISNUMBER(SEARCH("|"&AB4&"|",'5_ACOMPANHAMENTO'!$AC$3:$AC$4922))))>0)),'5_ACOMPANHAMENTO'!$O$3:$O$4922),0)) | G4: =IF(OR($B4="",$C4=""),"",D4-F4) | H4: =IF(OR($B4="",$C4=""),"",TRIM($B4&"")&"|"&TRIM($C4&"")) | I4: =IF($B4="","",TRIM(MID(SUBSTITUTE(TRIM(SUBSTITUTE(SUBSTITUTE(SUBSTITUTE(SUBSTITUTE(SUBSTITUTE(SUBSTITUTE(SUBSTITUTE(SUBSTITUTE(SUBSTITUTE(SUBSTITUTE(SUBSTITUTE(SUBSTITUTE(SUBSTITUTE(SUBSTITUTE(TRIM($B4&""),CHAR(10)," "),CHAR(13)," "),"."," "),";"," "),","," "),"/"," "),"+"," "),"-"," ")," "," ")," "," ")," "," ")," "," ")," "," ")," "," "))," ",REPT(" ",99)),1,99))) | J4: =IF($B4="","",TRIM(MID(SUBSTITUTE(TRIM(SUBSTITUTE(SUBSTITUTE(SUBSTITUTE(SUBSTITUTE(SUBSTITUTE(SUBSTITUTE(SUBSTITUTE(SUBSTITUTE(SUBSTITUTE(SUBSTITUTE(SUBSTITUTE(SUBSTITUTE(SUBSTITUTE(SUBSTITUTE(TRIM($B4&""),CHAR(10)," "),CHAR(13)," "),"."," "),";"," "),","," "),"/"," "),"+"," "),"-"," ")," "," ")," "," ")," "," ")," "," ")," "," ")," "," "))," ",REPT(" ",99)),100,99))) | K4: =IF($B4="","",TRIM(MID(SUBSTITUTE(TRIM(SUBSTITUTE(SUBSTITUTE(SUBSTITUTE(SUBSTITUTE(SUBSTITUTE(SUBSTITUTE(SUBSTITUTE(SUBSTITUTE(SUBSTITUTE(SUBSTITUTE(SUBSTITUTE(SUBSTITUTE(SUBSTITUTE(SUBSTITUTE(TRIM($B4&""),CHAR(10)," "),CHAR(13)," "),"."," "),";"," "),","," "),"/"," "),"+"," "),"-"," ")," "," ")," "," ")," "," ")," "," ")," "," ")," "," "))," ",REPT(" ",99)),199,99))) | L4: =IF($B4="","",TRIM(MID(SUBSTITUTE(TRIM(SUBSTITUTE(SUBSTITUTE(SUBSTITUTE(SUBSTITUTE(SUBSTITUTE(SUBSTITUTE(SUBSTITUTE(SUBSTITUTE(SUBSTITUTE(SUBSTITUTE(SUBSTITUTE(SUBSTITUTE(SUBSTITUTE(SUBSTITUTE(TRIM($B4&""),CHAR(10)," "),CHAR(13)," "),"."," "),";"," "),","," "),"/"," "),"+"," "),"-"," ")," "," ")," "," ")," "," ")," "," ")," "," ")," "," "))," ",REPT(" ",99)),298,99))) | M4: =IF($B4="","",TRIM(MID(SUBSTITUTE(TRIM(SUBSTITUTE(SUBSTITUTE(SUBSTITUTE(SUBSTITUTE(SUBSTITUTE(SUBSTITUTE(SUBSTITUTE(SUBSTITUTE(SUBSTITUTE(SUBSTITUTE(SUBSTITUTE(SUBSTITUTE(SUBSTITUTE(SUBSTITUTE(TRIM($B4&""),CHAR(10)," "),CHAR(13)," "),"."," "),";"," "),","," "),"/"," "),"+"," "),"-"," ")," "," ")," "," ")," "," ")," "," ")," "," ")," "," "))," ",REPT(" ",99)),397,99))) | N4: =IF($B4="","",TRIM(MID(SUBSTITUTE(TRIM(SUBSTITUTE(SUBSTITUTE(SUBSTITUTE(SUBSTITUTE(SUBSTITUTE(SUBSTITUTE(SUBSTITUTE(SUBSTITUTE(SUBSTITUTE(SUBSTITUTE(SUBSTITUTE(SUBSTITUTE(SUBSTITUTE(SUBSTITUTE(TRIM($B4&""),CHAR(10)," "),CHAR(13)," "),"."," "),";"," "),","," "),"/"," "),"+"," "),"-"," ")," "," ")," "," ")," "," ")," "," ")," "," ")," "," "))," ",REPT(" ",99)),496,99))) | O4: =IF($B4="","",TRIM(MID(SUBSTITUTE(TRIM(SUBSTITUTE(SUBSTITUTE(SUBSTITUTE(SUBSTITUTE(SUBSTITUTE(SUBSTITUTE(SUBSTITUTE(SUBSTITUTE(SUBSTITUTE(SUBSTITUTE(SUBSTITUTE(SUBSTITUTE(SUBSTITUTE(SUBSTITUTE(TRIM($B4&""),CHAR(10)," "),CHAR(13)," "),"."," "),";"," "),","," "),"/"," "),"+"," "),"-"," ")," "," ")," "," ")," "," ")," "," ")," "," ")," "," "))," ",REPT(" ",99)),595,99))) | P4: =IF($B4="","",TRIM(MID(SUBSTITUTE(TRIM(SUBSTITUTE(SUBSTITUTE(SUBSTITUTE(SUBSTITUTE(SUBSTITUTE(SUBSTITUTE(SUBSTITUTE(SUBSTITUTE(SUBSTITUTE(SUBSTITUTE(SUBSTITUTE(SUBSTITUTE(SUBSTITUTE(SUBSTITUTE(TRIM($B4&""),CHAR(10)," "),CHAR(13)," "),"."," "),";"," "),","," "),"/"," "),"+"," "),"-"," ")," "," ")," "," ")," "," ")," "," ")," "," ")," "," "))," ",REPT(" ",99)),694,99))) | Q4: =IF($B4="","",TRIM(MID(SUBSTITUTE(TRIM(SUBSTITUTE(SUBSTITUTE(SUBSTITUTE(SUBSTITUTE(SUBSTITUTE(SUBSTITUTE(SUBSTITUTE(SUBSTITUTE(SUBSTITUTE(SUBSTITUTE(SUBSTITUTE(SUBSTITUTE(SUBSTITUTE(SUBSTITUTE(TRIM($B4&""),CHAR(10)," "),CHAR(13)," "),"."," "),";"," "),","," "),"/"," "),"+"," "),"-"," ")," "," ")," "," ")," "," ")," "," ")," "," ")," "," "))," ",REPT(" ",99)),793,99))) | R4: =IF($B4="","",TRIM(MID(SUBSTITUTE(TRIM(SUBSTITUTE(SUBSTITUTE(SUBSTITUTE(SUBSTITUTE(SUBSTITUTE(SUBSTITUTE(SUBSTITUTE(SUBSTITUTE(SUBSTITUTE(SUBSTITUTE(SUBSTITUTE(SUBSTITUTE(SUBSTITUTE(SUBSTITUTE(TRIM($B4&""),CHAR(10)," "),CHAR(13)," "),"."," "),";"," "),","," "),"/"," "),"+"," "),"-"," ")," "," ")," "," ")," "," ")," "," ")," "," ")," "," "))," ",REPT(" ",99)),892,99))) | S4: =IF($B4="","",TRIM(MID(SUBSTITUTE(TRIM(SUBSTITUTE(SUBSTITUTE(SUBSTITUTE(SUBSTITUTE(SUBSTITUTE(SUBSTITUTE(SUBSTITUTE(SUBSTITUTE(SUBSTITUTE(SUBSTITUTE(SUBSTITUTE(SUBSTITUTE(SUBSTITUTE(SUBSTITUTE(TRIM($B4&""),CHAR(10)," "),CHAR(13)," "),"."," "),";"," "),","," "),"/"," "),"+"," "),"-"," ")," "," ")," "," ")," "," ")," "," ")," "," ")," "," "))," ",REPT(" ",99)),991,99))) | T4: =IF($B4="","",TRIM(MID(SUBSTITUTE(TRIM(SUBSTITUTE(SUBSTITUTE(SUBSTITUTE(SUBSTITUTE(SUBSTITUTE(SUBSTITUTE(SUBSTITUTE(SUBSTITUTE(SUBSTITUTE(SUBSTITUTE(SUBSTITUTE(SUBSTITUTE(SUBSTITUTE(SUBSTITUTE(TRIM($B4&""),CHAR(10)," "),CHAR(13)," "),"."," "),";"," "),","," "),"/"," "),"+"," "),"-"," ")," "," ")," "," ")," "," ")," "," ")," "," ")," "," "))," ",REPT(" ",99)),1090,99))) | U4: =IF($B4="","",TRIM(MID(SUBSTITUTE(TRIM(SUBSTITUTE(SUBSTITUTE(SUBSTITUTE(SUBSTITUTE(SUBSTITUTE(SUBSTITUTE(SUBSTITUTE(SUBSTITUTE(SUBSTITUTE(SUBSTITUTE(SUBSTITUTE(SUBSTITUTE(SUBSTITUTE(SUBSTITUTE(TRIM($B4&""),CHAR(10)," "),CHAR(13)," "),"."," "),";"," "),","," "),"/"," "),"+"," "),"-"," ")," "," ")," "," ")," "," ")," "," ")," "," ")," "," "))," ",REPT(" ",99)),1189,99))) | V4: =IF($B4="","",TRIM(MID(SUBSTITUTE(TRIM(SUBSTITUTE(SUBSTITUTE(SUBSTITUTE(SUBSTITUTE(SUBSTITUTE(SUBSTITUTE(SUBSTITUTE(SUBSTITUTE(SUBSTITUTE(SUBSTITUTE(SUBSTITUTE(SUBSTITUTE(SUBSTITUTE(SUBSTITUTE(TRIM($B4&""),CHAR(10)," "),CHAR(13)," "),"."," "),";"," "),","," "),"/"," "),"+"," "),"-"," ")," "," ")," "," ")," "," ")," "," ")," "," ")," "," "))," ",REPT(" ",99)),1288,99))) | W4: =IF($B4="","",TRIM(MID(SUBSTITUTE(TRIM(SUBSTITUTE(SUBSTITUTE(SUBSTITUTE(SUBSTITUTE(SUBSTITUTE(SUBSTITUTE(SUBSTITUTE(SUBSTITUTE(SUBSTITUTE(SUBSTITUTE(SUBSTITUTE(SUBSTITUTE(SUBSTITUTE(SUBSTITUTE(TRIM($B4&""),CHAR(10)," "),CHAR(13)," "),"."," "),";"," "),","," "),"/"," "),"+"," "),"-"," ")," "," ")," "," ")," "," ")," "," ")," "," ")," "," "))," ",REPT(" ",99)),1387,99))) | X4: =IF($B4="","",TRIM(MID(SUBSTITUTE(TRIM(SUBSTITUTE(SUBSTITUTE(SUBSTITUTE(SUBSTITUTE(SUBSTITUTE(SUBSTITUTE(SUBSTITUTE(SUBSTITUTE(SUBSTITUTE(SUBSTITUTE(SUBSTITUTE(SUBSTITUTE(SUBSTITUTE(SUBSTITUTE(TRIM($B4&""),CHAR(10)," "),CHAR(13)," "),"."," "),";"," "),","," "),"/"," "),"+"," "),"-"," ")," "," ")," "," ")," "," ")," "," ")," "," ")," "," "))," ",REPT(" ",99)),1486,99))) | Y4: =IF($B4="","",TRIM(MID(SUBSTITUTE(TRIM(SUBSTITUTE(SUBSTITUTE(SUBSTITUTE(SUBSTITUTE(SUBSTITUTE(SUBSTITUTE(SUBSTITUTE(SUBSTITUTE(SUBSTITUTE(SUBSTITUTE(SUBSTITUTE(SUBSTITUTE(SUBSTITUTE(SUBSTITUTE(TRIM($B4&""),CHAR(10)," "),CHAR(13)," "),"."," "),";"," "),","," "),"/"," "),"+"," "),"-"," ")," "," ")," "," ")," "," ")," "," ")," "," ")," "," "))," ",REPT(" ",99)),1585,99))) | Z4: =IF($B4="","",TRIM(MID(SUBSTITUTE(TRIM(SUBSTITUTE(SUBSTITUTE(SUBSTITUTE(SUBSTITUTE(SUBSTITUTE(SUBSTITUTE(SUBSTITUTE(SUBSTITUTE(SUBSTITUTE(SUBSTITUTE(SUBSTITUTE(SUBSTITUTE(SUBSTITUTE(SUBSTITUTE(TRIM($B4&""),CHAR(10)," "),CHAR(13)," "),"."," "),";"," "),","," "),"/"," "),"+"," "),"-"," ")," "," ")," "," ")," "," ")," "," ")," "," ")," "," "))," ",REPT(" ",99)),1684,99))) | AA4: =IF($B4="","",TRIM(MID(SUBSTITUTE(TRIM(SUBSTITUTE(SUBSTITUTE(SUBSTITUTE(SUBSTITUTE(SUBSTITUTE(SUBSTITUTE(SUBSTITUTE(SUBSTITUTE(SUBSTITUTE(SUBSTITUTE(SUBSTITUTE(SUBSTITUTE(SUBSTITUTE(SUBSTITUTE(TRIM($B4&""),CHAR(10)," "),CHAR(13)," "),"."," "),";"," "),","," "),"/"," "),"+"," "),"-"," ")," "," ")," "," ")," "," ")," "," ")," "," ")," "," "))," ",REPT(" ",99)),1783,99))) | AB4: =IF($B4="","",TRIM(MID(SUBSTITUTE(TRIM(SUBSTITUTE(SUBSTITUTE(SUBSTITUTE(SUBSTITUTE(SUBSTITUTE(SUBSTITUTE(SUBSTITUTE(SUBSTITUTE(SUBSTITUTE(SUBSTITUTE(SUBSTITUTE(SUBSTITUTE(SUBSTITUTE(SUBSTITUTE(TRIM($B4&""),CHAR(10)," "),CHAR(13)," "),"."," "),";"," "),","," "),"/"," "),"+"," "),"-"," ")," "," ")," "," ")," "," ")," "," ")," "," ")," "," "))," ",REPT(" ",99)),1882,99)))
A5: =IF(OR($B5="",$C5=""),"",IFERROR(INDEX('5_ACOMPANHAMENTO'!$A$3:$A$4922,MATCH(1,INDEX(('5_ACOMPANHAMENTO'!$AD$3:$AD$4922=TRIM($C5&""))*('5_ACOMPANHAMENTO'!$AC$3:$AC$4922<>"")*((((I5<>"")*ISNUMBER(SEARCH("|"&I5&"|",'5_ACOMPANHAMENTO'!$AC$3:$AC$4922)))+((J5<>"")*ISNUMBER(SEARCH("|"&J5&"|",'5_ACOMPANHAMENTO'!$AC$3:$AC$4922)))+((K5<>"")*ISNUMBER(SEARCH("|"&K5&"|",'5_ACOMPANHAMENTO'!$AC$3:$AC$4922)))+((L5<>"")*ISNUMBER(SEARCH("|"&L5&"|",'5_ACOMPANHAMENTO'!$AC$3:$AC$4922)))+((M5<>"")*ISNUMBER(SEARCH("|"&M5&"|",'5_ACOMPANHAMENTO'!$AC$3:$AC$4922)))+((N5<>"")*ISNUMBER(SEARCH("|"&N5&"|",'5_ACOMPANHAMENTO'!$AC$3:$AC$4922)))+((O5<>"")*ISNUMBER(SEARCH("|"&O5&"|",'5_ACOMPANHAMENTO'!$AC$3:$AC$4922)))+((P5<>"")*ISNUMBER(SEARCH("|"&P5&"|",'5_ACOMPANHAMENTO'!$AC$3:$AC$4922)))+((Q5<>"")*ISNUMBER(SEARCH("|"&Q5&"|",'5_ACOMPANHAMENTO'!$AC$3:$AC$4922)))+((R5<>"")*ISNUMBER(SEARCH("|"&R5&"|",'5_ACOMPANHAMENTO'!$AC$3:$AC$4922)))+((S5<>"")*ISNUMBER(SEARCH("|"&S5&"|",'5_ACOMPANHAMENTO'!$AC$3:$AC$4922)))+((T5<>"")*ISNUMBER(SEARCH("|"&T5&"|",'5_ACOMPANHAMENTO'!$AC$3:$AC$4922)))+((U5<>"")*ISNUMBER(SEARCH("|"&U5&"|",'5_ACOMPANHAMENTO'!$AC$3:$AC$4922)))+((V5<>"")*ISNUMBER(SEARCH("|"&V5&"|",'5_ACOMPANHAMENTO'!$AC$3:$AC$4922)))+((W5<>"")*ISNUMBER(SEARCH("|"&W5&"|",'5_ACOMPANHAMENTO'!$AC$3:$AC$4922)))+((X5<>"")*ISNUMBER(SEARCH("|"&X5&"|",'5_ACOMPANHAMENTO'!$AC$3:$AC$4922)))+((Y5<>"")*ISNUMBER(SEARCH("|"&Y5&"|",'5_ACOMPANHAMENTO'!$AC$3:$AC$4922)))+((Z5<>"")*ISNUMBER(SEARCH("|"&Z5&"|",'5_ACOMPANHAMENTO'!$AC$3:$AC$4922)))+((AA5<>"")*ISNUMBER(SEARCH("|"&AA5&"|",'5_ACOMPANHAMENTO'!$AC$3:$AC$4922)))+((AB5<>"")*ISNUMBER(SEARCH("|"&AB5&"|",'5_ACOMPANHAMENTO'!$AC$3:$AC$4922))))>0),0),0)),"")) | B5: 10176 | C5: PADE VELOX | D5: =IF(OR($B5="",$C5=""),"",IFERROR(SUMPRODUCT(--(('5_ACOMPANHAMENTO'!$AD$3:$AD$4922=TRIM($C5&""))*('5_ACOMPANHAMENTO'!$AC$3:$AC$4922<>"")*((((I5<>"")*ISNUMBER(SEARCH("|"&I5&"|",'5_ACOMPANHAMENTO'!$AC$3:$AC$4922)))+((J5<>"")*ISNUMBER(SEARCH("|"&J5&"|",'5_ACOMPANHAMENTO'!$AC$3:$AC$4922)))+((K5<>"")*ISNUMBER(SEARCH("|"&K5&"|",'5_ACOMPANHAMENTO'!$AC$3:$AC$4922)))+((L5<>"")*ISNUMBER(SEARCH("|"&L5&"|",'5_ACOMPANHAMENTO'!$AC$3:$AC$4922)))+((M5<>"")*ISNUMBER(SEARCH("|"&M5&"|",'5_ACOMPANHAMENTO'!$AC$3:$AC$4922)))+((N5<>"")*ISNUMBER(SEARCH("|"&N5&"|",'5_ACOMPANHAMENTO'!$AC$3:$AC$4922)))+((O5<>"")*ISNUMBER(SEARCH("|"&O5&"|",'5_ACOMPANHAMENTO'!$AC$3:$AC$4922)))+((P5<>"")*ISNUMBER(SEARCH("|"&P5&"|",'5_ACOMPANHAMENTO'!$AC$3:$AC$4922)))+((Q5<>"")*ISNUMBER(SEARCH("|"&Q5&"|",'5_ACOMPANHAMENTO'!$AC$3:$AC$4922)))+((R5<>"")*ISNUMBER(SEARCH("|"&R5&"|",'5_ACOMPANHAMENTO'!$AC$3:$AC$4922)))+((S5<>"")*ISNUMBER(SEARCH("|"&S5&"|",'5_ACOMPANHAMENTO'!$AC$3:$AC$4922)))+((T5<>"")*ISNUMBER(SEARCH("|"&T5&"|",'5_ACOMPANHAMENTO'!$AC$3:$AC$4922)))+((U5<>"")*ISNUMBER(SEARCH("|"&U5&"|",'5_ACOMPANHAMENTO'!$AC$3:$AC$4922)))+((V5<>"")*ISNUMBER(SEARCH("|"&V5&"|",'5_ACOMPANHAMENTO'!$AC$3:$AC$4922)))+((W5<>"")*ISNUMBER(SEARCH("|"&W5&"|",'5_ACOMPANHAMENTO'!$AC$3:$AC$4922)))+((X5<>"")*ISNUMBER(SEARCH("|"&X5&"|",'5_ACOMPANHAMENTO'!$AC$3:$AC$4922)))+((Y5<>"")*ISNUMBER(SEARCH("|"&Y5&"|",'5_ACOMPANHAMENTO'!$AC$3:$AC$4922)))+((Z5<>"")*ISNUMBER(SEARCH("|"&Z5&"|",'5_ACOMPANHAMENTO'!$AC$3:$AC$4922)))+((AA5<>"")*ISNUMBER(SEARCH("|"&AA5&"|",'5_ACOMPANHAMENTO'!$AC$3:$AC$4922)))+((AB5<>"")*ISNUMBER(SEARCH("|"&AB5&"|",'5_ACOMPANHAMENTO'!$AC$3:$AC$4922))))>0)),'5_ACOMPANHAMENTO'!$J$3:$J$4922),0)) | E5: =IF(G5=0,"FINALIZADO",IF(TODAY()>A5,"ATRASADO "&TODAY()-A5&" DIAS","ADIANTADO "&A5-TODAY()&" DIAS")) | F5: =IF(OR($B5="",$C5=""),"",IFERROR(SUMPRODUCT(--(('5_ACOMPANHAMENTO'!$AD$3:$AD$4922=TRIM($C5&""))*('5_ACOMPANHAMENTO'!$AC$3:$AC$4922<>"")*((((I5<>"")*ISNUMBER(SEARCH("|"&I5&"|",'5_ACOMPANHAMENTO'!$AC$3:$AC$4922)))+((J5<>"")*ISNUMBER(SEARCH("|"&J5&"|",'5_ACOMPANHAMENTO'!$AC$3:$AC$4922)))+((K5<>"")*ISNUMBER(SEARCH("|"&K5&"|",'5_ACOMPANHAMENTO'!$AC$3:$AC$4922)))+((L5<>"")*ISNUMBER(SEARCH("|"&L5&"|",'5_ACOMPANHAMENTO'!$AC$3:$AC$4922)))+((M5<>"")*ISNUMBER(SEARCH("|"&M5&"|",'5_ACOMPANHAMENTO'!$AC$3:$AC$4922)))+((N5<>"")*ISNUMBER(SEARCH("|"&N5&"|",'5_ACOMPANHAMENTO'!$AC$3:$AC$4922)))+((O5<>"")*ISNUMBER(SEARCH("|"&O5&"|",'5_ACOMPANHAMENTO'!$AC$3:$AC$4922)))+((P5<>"")*ISNUMBER(SEARCH("|"&P5&"|",'5_ACOMPANHAMENTO'!$AC$3:$AC$4922)))+((Q5<>"")*ISNUMBER(SEARCH("|"&Q5&"|",'5_ACOMPANHAMENTO'!$AC$3:$AC$4922)))+((R5<>"")*ISNUMBER(SEARCH("|"&R5&"|",'5_ACOMPANHAMENTO'!$AC$3:$AC$4922)))+((S5<>"")*ISNUMBER(SEARCH("|"&S5&"|",'5_ACOMPANHAMENTO'!$AC$3:$AC$4922)))+((T5<>"")*ISNUMBER(SEARCH("|"&T5&"|",'5_ACOMPANHAMENTO'!$AC$3:$AC$4922)))+((U5<>"")*ISNUMBER(SEARCH("|"&U5&"|",'5_ACOMPANHAMENTO'!$AC$3:$AC$4922)))+((V5<>"")*ISNUMBER(SEARCH("|"&V5&"|",'5_ACOMPANHAMENTO'!$AC$3:$AC$4922)))+((W5<>"")*ISNUMBER(SEARCH("|"&W5&"|",'5_ACOMPANHAMENTO'!$AC$3:$AC$4922)))+((X5<>"")*ISNUMBER(SEARCH("|"&X5&"|",'5_ACOMPANHAMENTO'!$AC$3:$AC$4922)))+((Y5<>"")*ISNUMBER(SEARCH("|"&Y5&"|",'5_ACOMPANHAMENTO'!$AC$3:$AC$4922)))+((Z5<>"")*ISNUMBER(SEARCH("|"&Z5&"|",'5_ACOMPANHAMENTO'!$AC$3:$AC$4922)))+((AA5<>"")*ISNUMBER(SEARCH("|"&AA5&"|",'5_ACOMPANHAMENTO'!$AC$3:$AC$4922)))+((AB5<>"")*ISNUMBER(SEARCH("|"&AB5&"|",'5_ACOMPANHAMENTO'!$AC$3:$AC$4922))))>0)),'5_ACOMPANHAMENTO'!$O$3:$O$4922),0)) | G5: =IF(OR($B5="",$C5=""),"",D5-F5) | H5: =IF(OR($B5="",$C5=""),"",TRIM($B5&"")&"|"&TRIM($C5&"")) | I5: =IF($B5="","",TRIM(MID(SUBSTITUTE(TRIM(SUBSTITUTE(SUBSTITUTE(SUBSTITUTE(SUBSTITUTE(SUBSTITUTE(SUBSTITUTE(SUBSTITUTE(SUBSTITUTE(SUBSTITUTE(SUBSTITUTE(SUBSTITUTE(SUBSTITUTE(SUBSTITUTE(SUBSTITUTE(TRIM($B5&""),CHAR(10)," "),CHAR(13)," "),"."," "),";"," "),","," "),"/"," "),"+"," "),"-"," ")," "," ")," "," ")," "," ")," "," ")," "," ")," "," "))," ",REPT(" ",99)),1,99))) | J5: =IF($B5="","",TRIM(MID(SUBSTITUTE(TRIM(SUBSTITUTE(SUBSTITUTE(SUBSTITUTE(SUBSTITUTE(SUBSTITUTE(SUBSTITUTE(SUBSTITUTE(SUBSTITUTE(SUBSTITUTE(SUBSTITUTE(SUBSTITUTE(SUBSTITUTE(SUBSTITUTE(SUBSTITUTE(TRIM($B5&""),CHAR(10)," "),CHAR(13)," "),"."," "),";"," "),","," "),"/"," "),"+"," "),"-"," ")," "," ")," "," ")," "," ")," "," ")," "," ")," "," "))," ",REPT(" ",99)),100,99))) | K5: =IF($B5="","",TRIM(MID(SUBSTITUTE(TRIM(SUBSTITUTE(SUBSTITUTE(SUBSTITUTE(SUBSTITUTE(SUBSTITUTE(SUBSTITUTE(SUBSTITUTE(SUBSTITUTE(SUBSTITUTE(SUBSTITUTE(SUBSTITUTE(SUBSTITUTE(SUBSTITUTE(SUBSTITUTE(TRIM($B5&""),CHAR(10)," "),CHAR(13)," "),"."," "),";"," "),","," "),"/"," "),"+"," "),"-"," ")," "," ")," "," ")," "," ")," "," ")," "," ")," "," "))," ",REPT(" ",99)),199,99))) | L5: =IF($B5="","",TRIM(MID(SUBSTITUTE(TRIM(SUBSTITUTE(SUBSTITUTE(SUBSTITUTE(SUBSTITUTE(SUBSTITUTE(SUBSTITUTE(SUBSTITUTE(SUBSTITUTE(SUBSTITUTE(SUBSTITUTE(SUBSTITUTE(SUBSTITUTE(SUBSTITUTE(SUBSTITUTE(TRIM($B5&""),CHAR(10)," "),CHAR(13)," "),"."," "),";"," "),","," "),"/"," "),"+"," "),"-"," ")," "," ")," "," ")," "," ")," "," ")," "," ")," "," "))," ",REPT(" ",99)),298,99))) | M5: =IF($B5="","",TRIM(MID(SUBSTITUTE(TRIM(SUBSTITUTE(SUBSTITUTE(SUBSTITUTE(SUBSTITUTE(SUBSTITUTE(SUBSTITUTE(SUBSTITUTE(SUBSTITUTE(SUBSTITUTE(SUBSTITUTE(SUBSTITUTE(SUBSTITUTE(SUBSTITUTE(SUBSTITUTE(TRIM($B5&""),CHAR(10)," "),CHAR(13)," "),"."," "),";"," "),","," "),"/"," "),"+"," "),"-"," ")," "," ")," "," ")," "," ")," "," ")," "," ")," "," "))," ",REPT(" ",99)),397,99))) | N5: =IF($B5="","",TRIM(MID(SUBSTITUTE(TRIM(SUBSTITUTE(SUBSTITUTE(SUBSTITUTE(SUBSTITUTE(SUBSTITUTE(SUBSTITUTE(SUBSTITUTE(SUBSTITUTE(SUBSTITUTE(SUBSTITUTE(SUBSTITUTE(SUBSTITUTE(SUBSTITUTE(SUBSTITUTE(TRIM($B5&""),CHAR(10)," "),CHAR(13)," "),"."," "),";"," "),","," "),"/"," "),"+"," "),"-"," ")," "," ")," "," ")," "," ")," "," ")," "," ")," "," "))," ",REPT(" ",99)),496,99))) | O5: =IF($B5="","",TRIM(MID(SUBSTITUTE(TRIM(SUBSTITUTE(SUBSTITUTE(SUBSTITUTE(SUBSTITUTE(SUBSTITUTE(SUBSTITUTE(SUBSTITUTE(SUBSTITUTE(SUBSTITUTE(SUBSTITUTE(SUBSTITUTE(SUBSTITUTE(SUBSTITUTE(SUBSTITUTE(TRIM($B5&""),CHAR(10)," "),CHAR(13)," "),"."," "),";"," "),","," "),"/"," "),"+"," "),"-"," ")," "," ")," "," ")," "," ")," "," ")," "," ")," "," "))," ",REPT(" ",99)),595,99))) | P5: =IF($B5="","",TRIM(MID(SUBSTITUTE(TRIM(SUBSTITUTE(SUBSTITUTE(SUBSTITUTE(SUBSTITUTE(SUBSTITUTE(SUBSTITUTE(SUBSTITUTE(SUBSTITUTE(SUBSTITUTE(SUBSTITUTE(SUBSTITUTE(SUBSTITUTE(SUBSTITUTE(SUBSTITUTE(TRIM($B5&""),CHAR(10)," "),CHAR(13)," "),"."," "),";"," "),","," "),"/"," "),"+"," "),"-"," ")," "," ")," "," ")," "," ")," "," ")," "," ")," "," "))," ",REPT(" ",99)),694,99))) | Q5: =IF($B5="","",TRIM(MID(SUBSTITUTE(TRIM(SUBSTITUTE(SUBSTITUTE(SUBSTITUTE(SUBSTITUTE(SUBSTITUTE(SUBSTITUTE(SUBSTITUTE(SUBSTITUTE(SUBSTITUTE(SUBSTITUTE(SUBSTITUTE(SUBSTITUTE(SUBSTITUTE(SUBSTITUTE(TRIM($B5&""),CHAR(10)," "),CHAR(13)," "),"."," "),";"," "),","," "),"/"," "),"+"," "),"-"," ")," "," ")," "," ")," "," ")," "," ")," "," ")," "," "))," ",REPT(" ",99)),793,99))) | R5: =IF($B5="","",TRIM(MID(SUBSTITUTE(TRIM(SUBSTITUTE(SUBSTITUTE(SUBSTITUTE(SUBSTITUTE(SUBSTITUTE(SUBSTITUTE(SUBSTITUTE(SUBSTITUTE(SUBSTITUTE(SUBSTITUTE(SUBSTITUTE(SUBSTITUTE(SUBSTITUTE(SUBSTITUTE(TRIM($B5&""),CHAR(10)," "),CHAR(13)," "),"."," "),";"," "),","," "),"/"," "),"+"," "),"-"," ")," "," ")," "," ")," "," ")," "," ")," "," ")," "," "))," ",REPT(" ",99)),892,99))) | S5: =IF($B5="","",TRIM(MID(SUBSTITUTE(TRIM(SUBSTITUTE(SUBSTITUTE(SUBSTITUTE(SUBSTITUTE(SUBSTITUTE(SUBSTITUTE(SUBSTITUTE(SUBSTITUTE(SUBSTITUTE(SUBSTITUTE(SUBSTITUTE(SUBSTITUTE(SUBSTITUTE(SUBSTITUTE(TRIM($B5&""),CHAR(10)," "),CHAR(13)," "),"."," "),";"," "),","," "),"/"," "),"+"," "),"-"," ")," "," ")," "," ")," "," ")," "," ")," "," ")," "," "))," ",REPT(" ",99)),991,99))) | T5: =IF($B5="","",TRIM(MID(SUBSTITUTE(TRIM(SUBSTITUTE(SUBSTITUTE(SUBSTITUTE(SUBSTITUTE(SUBSTITUTE(SUBSTITUTE(SUBSTITUTE(SUBSTITUTE(SUBSTITUTE(SUBSTITUTE(SUBSTITUTE(SUBSTITUTE(SUBSTITUTE(SUBSTITUTE(TRIM($B5&""),CHAR(10)," "),CHAR(13)," "),"."," "),";"," "),","," "),"/"," "),"+"," "),"-"," ")," "," ")," "," ")," "," ")," "," ")," "," ")," "," "))," ",REPT(" ",99)),1090,99))) | U5: =IF($B5="","",TRIM(MID(SUBSTITUTE(TRIM(SUBSTITUTE(SUBSTITUTE(SUBSTITUTE(SUBSTITUTE(SUBSTITUTE(SUBSTITUTE(SUBSTITUTE(SUBSTITUTE(SUBSTITUTE(SUBSTITUTE(SUBSTITUTE(SUBSTITUTE(SUBSTITUTE(SUBSTITUTE(TRIM($B5&""),CHAR(10)," "),CHAR(13)," "),"."," "),";"," "),","," "),"/"," "),"+"," "),"-"," ")," "," ")," "," ")," "," ")," "," ")," "," ")," "," "))," ",REPT(" ",99)),1189,99))) | V5: =IF($B5="","",TRIM(MID(SUBSTITUTE(TRIM(SUBSTITUTE(SUBSTITUTE(SUBSTITUTE(SUBSTITUTE(SUBSTITUTE(SUBSTITUTE(SUBSTITUTE(SUBSTITUTE(SUBSTITUTE(SUBSTITUTE(SUBSTITUTE(SUBSTITUTE(SUBSTITUTE(SUBSTITUTE(TRIM($B5&""),CHAR(10)," "),CHAR(13)," "),"."," "),";"," "),","," "),"/"," "),"+"," "),"-"," ")," "," ")," "," ")," "," ")," "," ")," "," ")," "," "))," ",REPT(" ",99)),1288,99))) | W5: =IF($B5="","",TRIM(MID(SUBSTITUTE(TRIM(SUBSTITUTE(SUBSTITUTE(SUBSTITUTE(SUBSTITUTE(SUBSTITUTE(SUBSTITUTE(SUBSTITUTE(SUBSTITUTE(SUBSTITUTE(SUBSTITUTE(SUBSTITUTE(SUBSTITUTE(SUBSTITUTE(SUBSTITUTE(TRIM($B5&""),CHAR(10)," "),CHAR(13)," "),"."," "),";"," "),","," "),"/"," "),"+"," "),"-"," ")," "," ")," "," ")," "," ")," "," ")," "," ")," "," "))," ",REPT(" ",99)),1387,99))) | X5: =IF($B5="","",TRIM(MID(SUBSTITUTE(TRIM(SUBSTITUTE(SUBSTITUTE(SUBSTITUTE(SUBSTITUTE(SUBSTITUTE(SUBSTITUTE(SUBSTITUTE(SUBSTITUTE(SUBSTITUTE(SUBSTITUTE(SUBSTITUTE(SUBSTITUTE(SUBSTITUTE(SUBSTITUTE(TRIM($B5&""),CHAR(10)," "),CHAR(13)," "),"."," "),";"," "),","," "),"/"," "),"+"," "),"-"," ")," "," ")," "," ")," "," ")," "," ")," "," ")," "," "))," ",REPT(" ",99)),1486,99))) | Y5: =IF($B5="","",TRIM(MID(SUBSTITUTE(TRIM(SUBSTITUTE(SUBSTITUTE(SUBSTITUTE(SUBSTITUTE(SUBSTITUTE(SUBSTITUTE(SUBSTITUTE(SUBSTITUTE(SUBSTITUTE(SUBSTITUTE(SUBSTITUTE(SUBSTITUTE(SUBSTITUTE(SUBSTITUTE(TRIM($B5&""),CHAR(10)," "),CHAR(13)," "),"."," "),";"," "),","," "),"/"," "),"+"," "),"-"," ")," "," ")," "," ")," "," ")," "," ")," "," ")," "," "))," ",REPT(" ",99)),1585,99))) | Z5: =IF($B5="","",TRIM(MID(SUBSTITUTE(TRIM(SUBSTITUTE(SUBSTITUTE(SUBSTITUTE(SUBSTITUTE(SUBSTITUTE(SUBSTITUTE(SUBSTITUTE(SUBSTITUTE(SUBSTITUTE(SUBSTITUTE(SUBSTITUTE(SUBSTITUTE(SUBSTITUTE(SUBSTITUTE(TRIM($B5&""),CHAR(10)," "),CHAR(13)," "),"."," "),";"," "),","," "),"/"," "),"+"," "),"-"," ")," "," ")," "," ")," "," ")," "," ")," "," ")," "," "))," ",REPT(" ",99)),1684,99))) | AA5: =IF($B5="","",TRIM(MID(SUBSTITUTE(TRIM(SUBSTITUTE(SUBSTITUTE(SUBSTITUTE(SUBSTITUTE(SUBSTITUTE(SUBSTITUTE(SUBSTITUTE(SUBSTITUTE(SUBSTITUTE(SUBSTITUTE(SUBSTITUTE(SUBSTITUTE(SUBSTITUTE(SUBSTITUTE(TRIM($B5&""),CHAR(10)," "),CHAR(13)," "),"."," "),";"," "),","," "),"/"," "),"+"," "),"-"," ")," "," ")," "," ")," "," ")," "," ")," "," ")," "," "))," ",REPT(" ",99)),1783,99))) | AB5: =IF($B5="","",TRIM(MID(SUBSTITUTE(TRIM(SUBSTITUTE(SUBSTITUTE(SUBSTITUTE(SUBSTITUTE(SUBSTITUTE(SUBSTITUTE(SUBSTITUTE(SUBSTITUTE(SUBSTITUTE(SUBSTITUTE(SUBSTITUTE(SUBSTITUTE(SUBSTITUTE(SUBSTITUTE(TRIM($B5&""),CHAR(10)," "),CHAR(13)," "),"."," "),";"," "),","," "),"/"," "),"+"," "),"-"," ")," "," ")," "," ")," "," ")," "," ")," "," ")," "," "))," ",REPT(" ",99)),1882,99)))
A6: =IF(OR($B6="",$C6=""),"",IFERROR(INDEX('5_ACOMPANHAMENTO'!$A$3:$A$4922,MATCH(1,INDEX(('5_ACOMPANHAMENTO'!$AD$3:$AD$4922=TRIM($C6&""))*('5_ACOMPANHAMENTO'!$AC$3:$AC$4922<>"")*((((I6<>"")*ISNUMBER(SEARCH("|"&I6&"|",'5_ACOMPANHAMENTO'!$AC$3:$AC$4922)))+((J6<>"")*ISNUMBER(SEARCH("|"&J6&"|",'5_ACOMPANHAMENTO'!$AC$3:$AC$4922)))+((K6<>"")*ISNUMBER(SEARCH("|"&K6&"|",'5_ACOMPANHAMENTO'!$AC$3:$AC$4922)))+((L6<>"")*ISNUMBER(SEARCH("|"&L6&"|",'5_ACOMPANHAMENTO'!$AC$3:$AC$4922)))+((M6<>"")*ISNUMBER(SEARCH("|"&M6&"|",'5_ACOMPANHAMENTO'!$AC$3:$AC$4922)))+((N6<>"")*ISNUMBER(SEARCH("|"&N6&"|",'5_ACOMPANHAMENTO'!$AC$3:$AC$4922)))+((O6<>"")*ISNUMBER(SEARCH("|"&O6&"|",'5_ACOMPANHAMENTO'!$AC$3:$AC$4922)))+((P6<>"")*ISNUMBER(SEARCH("|"&P6&"|",'5_ACOMPANHAMENTO'!$AC$3:$AC$4922)))+((Q6<>"")*ISNUMBER(SEARCH("|"&Q6&"|",'5_ACOMPANHAMENTO'!$AC$3:$AC$4922)))+((R6<>"")*ISNUMBER(SEARCH("|"&R6&"|",'5_ACOMPANHAMENTO'!$AC$3:$AC$4922)))+((S6<>"")*ISNUMBER(SEARCH("|"&S6&"|",'5_ACOMPANHAMENTO'!$AC$3:$AC$4922)))+((T6<>"")*ISNUMBER(SEARCH("|"&T6&"|",'5_ACOMPANHAMENTO'!$AC$3:$AC$4922)))+((U6<>"")*ISNUMBER(SEARCH("|"&U6&"|",'5_ACOMPANHAMENTO'!$AC$3:$AC$4922)))+((V6<>"")*ISNUMBER(SEARCH("|"&V6&"|",'5_ACOMPANHAMENTO'!$AC$3:$AC$4922)))+((W6<>"")*ISNUMBER(SEARCH("|"&W6&"|",'5_ACOMPANHAMENTO'!$AC$3:$AC$4922)))+((X6<>"")*ISNUMBER(SEARCH("|"&X6&"|",'5_ACOMPANHAMENTO'!$AC$3:$AC$4922)))+((Y6<>"")*ISNUMBER(SEARCH("|"&Y6&"|",'5_ACOMPANHAMENTO'!$AC$3:$AC$4922)))+((Z6<>"")*ISNUMBER(SEARCH("|"&Z6&"|",'5_ACOMPANHAMENTO'!$AC$3:$AC$4922)))+((AA6<>"")*ISNUMBER(SEARCH("|"&AA6&"|",'5_ACOMPANHAMENTO'!$AC$3:$AC$4922)))+((AB6<>"")*ISNUMBER(SEARCH("|"&AB6&"|",'5_ACOMPANHAMENTO'!$AC$3:$AC$4922))))>0),0),0)),"")) | B6: 10176 | C6: CNC NESTING | D6: =IF(OR($B6="",$C6=""),"",IFERROR(SUMPRODUCT(--(('5_ACOMPANHAMENTO'!$AD$3:$AD$4922=TRIM($C6&""))*('5_ACOMPANHAMENTO'!$AC$3:$AC$4922<>"")*((((I6<>"")*ISNUMBER(SEARCH("|"&I6&"|",'5_ACOMPANHAMENTO'!$AC$3:$AC$4922)))+((J6<>"")*ISNUMBER(SEARCH("|"&J6&"|",'5_ACOMPANHAMENTO'!$AC$3:$AC$4922)))+((K6<>"")*ISNUMBER(SEARCH("|"&K6&"|",'5_ACOMPANHAMENTO'!$AC$3:$AC$4922)))+((L6<>"")*ISNUMBER(SEARCH("|"&L6&"|",'5_ACOMPANHAMENTO'!$AC$3:$AC$4922)))+((M6<>"")*ISNUMBER(SEARCH("|"&M6&"|",'5_ACOMPANHAMENTO'!$AC$3:$AC$4922)))+((N6<>"")*ISNUMBER(SEARCH("|"&N6&"|",'5_ACOMPANHAMENTO'!$AC$3:$AC$4922)))+((O6<>"")*ISNUMBER(SEARCH("|"&O6&"|",'5_ACOMPANHAMENTO'!$AC$3:$AC$4922)))+((P6<>"")*ISNUMBER(SEARCH("|"&P6&"|",'5_ACOMPANHAMENTO'!$AC$3:$AC$4922)))+((Q6<>"")*ISNUMBER(SEARCH("|"&Q6&"|",'5_ACOMPANHAMENTO'!$AC$3:$AC$4922)))+((R6<>"")*ISNUMBER(SEARCH("|"&R6&"|",'5_ACOMPANHAMENTO'!$AC$3:$AC$4922)))+((S6<>"")*ISNUMBER(SEARCH("|"&S6&"|",'5_ACOMPANHAMENTO'!$AC$3:$AC$4922)))+((T6<>"")*ISNUMBER(SEARCH("|"&T6&"|",'5_ACOMPANHAMENTO'!$AC$3:$AC$4922)))+((U6<>"")*ISNUMBER(SEARCH("|"&U6&"|",'5_ACOMPANHAMENTO'!$AC$3:$AC$4922)))+((V6<>"")*ISNUMBER(SEARCH("|"&V6&"|",'5_ACOMPANHAMENTO'!$AC$3:$AC$4922)))+((W6<>"")*ISNUMBER(SEARCH("|"&W6&"|",'5_ACOMPANHAMENTO'!$AC$3:$AC$4922)))+((X6<>"")*ISNUMBER(SEARCH("|"&X6&"|",'5_ACOMPANHAMENTO'!$AC$3:$AC$4922)))+((Y6<>"")*ISNUMBER(SEARCH("|"&Y6&"|",'5_ACOMPANHAMENTO'!$AC$3:$AC$4922)))+((Z6<>"")*ISNUMBER(SEARCH("|"&Z6&"|",'5_ACOMPANHAMENTO'!$AC$3:$AC$4922)))+((AA6<>"")*ISNUMBER(SEARCH("|"&AA6&"|",'5_ACOMPANHAMENTO'!$AC$3:$AC$4922)))+((AB6<>"")*ISNUMBER(SEARCH("|"&AB6&"|",'5_ACOMPANHAMENTO'!$AC$3:$AC$4922))))>0)),'5_ACOMPANHAMENTO'!$J$3:$J$4922),0)) | E6: =IF(G6=0,"FINALIZADO",IF(TODAY()>A6,"ATRASADO "&TODAY()-A6&" DIAS","ADIANTADO "&A6-TODAY()&" DIAS")) | F6: =IF(OR($B6="",$C6=""),"",IFERROR(SUMPRODUCT(--(('5_ACOMPANHAMENTO'!$AD$3:$AD$4922=TRIM($C6&""))*('5_ACOMPANHAMENTO'!$AC$3:$AC$4922<>"")*((((I6<>"")*ISNUMBER(SEARCH("|"&I6&"|",'5_ACOMPANHAMENTO'!$AC$3:$AC$4922)))+((J6<>"")*ISNUMBER(SEARCH("|"&J6&"|",'5_ACOMPANHAMENTO'!$AC$3:$AC$4922)))+((K6<>"")*ISNUMBER(SEARCH("|"&K6&"|",'5_ACOMPANHAMENTO'!$AC$3:$AC$4922)))+((L6<>"")*ISNUMBER(SEARCH("|"&L6&"|",'5_ACOMPANHAMENTO'!$AC$3:$AC$4922)))+((M6<>"")*ISNUMBER(SEARCH("|"&M6&"|",'5_ACOMPANHAMENTO'!$AC$3:$AC$4922)))+((N6<>"")*ISNUMBER(SEARCH("|"&N6&"|",'5_ACOMPANHAMENTO'!$AC$3:$AC$4922)))+((O6<>"")*ISNUMBER(SEARCH("|"&O6&"|",'5_ACOMPANHAMENTO'!$AC$3:$AC$4922)))+((P6<>"")*ISNUMBER(SEARCH("|"&P6&"|",'5_ACOMPANHAMENTO'!$AC$3:$AC$4922)))+((Q6<>"")*ISNUMBER(SEARCH("|"&Q6&"|",'5_ACOMPANHAMENTO'!$AC$3:$AC$4922)))+((R6<>"")*ISNUMBER(SEARCH("|"&R6&"|",'5_ACOMPANHAMENTO'!$AC$3:$AC$4922)))+((S6<>"")*ISNUMBER(SEARCH("|"&S6&"|",'5_ACOMPANHAMENTO'!$AC$3:$AC$4922)))+((T6<>"")*ISNUMBER(SEARCH("|"&T6&"|",'5_ACOMPANHAMENTO'!$AC$3:$AC$4922)))+((U6<>"")*ISNUMBER(SEARCH("|"&U6&"|",'5_ACOMPANHAMENTO'!$AC$3:$AC$4922)))+((V6<>"")*ISNUMBER(SEARCH("|"&V6&"|",'5_ACOMPANHAMENTO'!$AC$3:$AC$4922)))+((W6<>"")*ISNUMBER(SEARCH("|"&W6&"|",'5_ACOMPANHAMENTO'!$AC$3:$AC$4922)))+((X6<>"")*ISNUMBER(SEARCH("|"&X6&"|",'5_ACOMPANHAMENTO'!$AC$3:$AC$4922)))+((Y6<>"")*ISNUMBER(SEARCH("|"&Y6&"|",'5_ACOMPANHAMENTO'!$AC$3:$AC$4922)))+((Z6<>"")*ISNUMBER(SEARCH("|"&Z6&"|",'5_ACOMPANHAMENTO'!$AC$3:$AC$4922)))+((AA6<>"")*ISNUMBER(SEARCH("|"&AA6&"|",'5_ACOMPANHAMENTO'!$AC$3:$AC$4922)))+((AB6<>"")*ISNUMBER(SEARCH("|"&AB6&"|",'5_ACOMPANHAMENTO'!$AC$3:$AC$4922))))>0)),'5_ACOMPANHAMENTO'!$O$3:$O$4922),0)) | G6: =IF(OR($B6="",$C6=""),"",D6-F6) | H6: =IF(OR($B6="",$C6=""),"",TRIM($B6&"")&"|"&TRIM($C6&"")) | I6: =IF($B6="","",TRIM(MID(SUBSTITUTE(TRIM(SUBSTITUTE(SUBSTITUTE(SUBSTITUTE(SUBSTITUTE(SUBSTITUTE(SUBSTITUTE(SUBSTITUTE(SUBSTITUTE(SUBSTITUTE(SUBSTITUTE(SUBSTITUTE(SUBSTITUTE(SUBSTITUTE(SUBSTITUTE(TRIM($B6&""),CHAR(10)," "),CHAR(13)," "),"."," "),";"," "),","," "),"/"," "),"+"," "),"-"," ")," "," ")," "," ")," "," ")," "," ")," "," ")," "," "))," ",REPT(" ",99)),1,99))) | J6: =IF($B6="","",TRIM(MID(SUBSTITUTE(TRIM(SUBSTITUTE(SUBSTITUTE(SUBSTITUTE(SUBSTITUTE(SUBSTITUTE(SUBSTITUTE(SUBSTITUTE(SUBSTITUTE(SUBSTITUTE(SUBSTITUTE(SUBSTITUTE(SUBSTITUTE(SUBSTITUTE(SUBSTITUTE(TRIM($B6&""),CHAR(10)," "),CHAR(13)," "),"."," "),";"," "),","," "),"/"," "),"+"," "),"-"," ")," "," ")," "," ")," "," ")," "," ")," "," ")," "," "))," ",REPT(" ",99)),100,99))) | K6: =IF($B6="","",TRIM(MID(SUBSTITUTE(TRIM(SUBSTITUTE(SUBSTITUTE(SUBSTITUTE(SUBSTITUTE(SUBSTITUTE(SUBSTITUTE(SUBSTITUTE(SUBSTITUTE(SUBSTITUTE(SUBSTITUTE(SUBSTITUTE(SUBSTITUTE(SUBSTITUTE(SUBSTITUTE(TRIM($B6&""),CHAR(10)," "),CHAR(13)," "),"."," "),";"," "),","," "),"/"," "),"+"," "),"-"," ")," "," ")," "," ")," "," ")," "," ")," "," ")," "," "))," ",REPT(" ",99)),199,99))) | L6: =IF($B6="","",TRIM(MID(SUBSTITUTE(TRIM(SUBSTITUTE(SUBSTITUTE(SUBSTITUTE(SUBSTITUTE(SUBSTITUTE(SUBSTITUTE(SUBSTITUTE(SUBSTITUTE(SUBSTITUTE(SUBSTITUTE(SUBSTITUTE(SUBSTITUTE(SUBSTITUTE(SUBSTITUTE(TRIM($B6&""),CHAR(10)," "),CHAR(13)," "),"."," "),";"," "),","," "),"/"," "),"+"," "),"-"," ")," "," ")," "," ")," "," ")," "," ")," "," ")," "," "))," ",REPT(" ",99)),298,99))) | M6: =IF($B6="","",TRIM(MID(SUBSTITUTE(TRIM(SUBSTITUTE(SUBSTITUTE(SUBSTITUTE(SUBSTITUTE(SUBSTITUTE(SUBSTITUTE(SUBSTITUTE(SUBSTITUTE(SUBSTITUTE(SUBSTITUTE(SUBSTITUTE(SUBSTITUTE(SUBSTITUTE(SUBSTITUTE(TRIM($B6&""),CHAR(10)," "),CHAR(13)," "),"."," "),";"," "),","," "),"/"," "),"+"," "),"-"," ")," "," ")," "," ")," "," ")," "," ")," "," ")," "," "))," ",REPT(" ",99)),397,99))) | N6: =IF($B6="","",TRIM(MID(SUBSTITUTE(TRIM(SUBSTITUTE(SUBSTITUTE(SUBSTITUTE(SUBSTITUTE(SUBSTITUTE(SUBSTITUTE(SUBSTITUTE(SUBSTITUTE(SUBSTITUTE(SUBSTITUTE(SUBSTITUTE(SUBSTITUTE(SUBSTITUTE(SUBSTITUTE(TRIM($B6&""),CHAR(10)," "),CHAR(13)," "),"."," "),";"," "),","," "),"/"," "),"+"," "),"-"," ")," "," ")," "," ")," "," ")," "," ")," "," ")," "," "))," ",REPT(" ",99)),496,99))) | O6: =IF($B6="","",TRIM(MID(SUBSTITUTE(TRIM(SUBSTITUTE(SUBSTITUTE(SUBSTITUTE(SUBSTITUTE(SUBSTITUTE(SUBSTITUTE(SUBSTITUTE(SUBSTITUTE(SUBSTITUTE(SUBSTITUTE(SUBSTITUTE(SUBSTITUTE(SUBSTITUTE(SUBSTITUTE(TRIM($B6&""),CHAR(10)," "),CHAR(13)," "),"."," "),";"," "),","," "),"/"," "),"+"," "),"-"," ")," "," ")," "," ")," "," ")," "," ")," "," ")," "," "))," ",REPT(" ",99)),595,99))) | P6: =IF($B6="","",TRIM(MID(SUBSTITUTE(TRIM(SUBSTITUTE(SUBSTITUTE(SUBSTITUTE(SUBSTITUTE(SUBSTITUTE(SUBSTITUTE(SUBSTITUTE(SUBSTITUTE(SUBSTITUTE(SUBSTITUTE(SUBSTITUTE(SUBSTITUTE(SUBSTITUTE(SUBSTITUTE(TRIM($B6&""),CHAR(10)," "),CHAR(13)," "),"."," "),";"," "),","," "),"/"," "),"+"," "),"-"," ")," "," ")," "," ")," "," ")," "," ")," "," ")," "," "))," ",REPT(" ",99)),694,99))) | Q6: =IF($B6="","",TRIM(MID(SUBSTITUTE(TRIM(SUBSTITUTE(SUBSTITUTE(SUBSTITUTE(SUBSTITUTE(SUBSTITUTE(SUBSTITUTE(SUBSTITUTE(SUBSTITUTE(SUBSTITUTE(SUBSTITUTE(SUBSTITUTE(SUBSTITUTE(SUBSTITUTE(SUBSTITUTE(TRIM($B6&""),CHAR(10)," "),CHAR(13)," "),"."," "),";"," "),","," "),"/"," "),"+"," "),"-"," ")," "," ")," "," ")," "," ")," "," ")," "," ")," "," "))," ",REPT(" ",99)),793,99))) | R6: =IF($B6="","",TRIM(MID(SUBSTITUTE(TRIM(SUBSTITUTE(SUBSTITUTE(SUBSTITUTE(SUBSTITUTE(SUBSTITUTE(SUBSTITUTE(SUBSTITUTE(SUBSTITUTE(SUBSTITUTE(SUBSTITUTE(SUBSTITUTE(SUBSTITUTE(SUBSTITUTE(SUBSTITUTE(TRIM($B6&""),CHAR(10)," "),CHAR(13)," "),"."," "),";"," "),","," "),"/"," "),"+"," "),"-"," ")," "," ")," "," ")," "," ")," "," ")," "," ")," "," "))," ",REPT(" ",99)),892,99))) | S6: =IF($B6="","",TRIM(MID(SUBSTITUTE(TRIM(SUBSTITUTE(SUBSTITUTE(SUBSTITUTE(SUBSTITUTE(SUBSTITUTE(SUBSTITUTE(SUBSTITUTE(SUBSTITUTE(SUBSTITUTE(SUBSTITUTE(SUBSTITUTE(SUBSTITUTE(SUBSTITUTE(SUBSTITUTE(TRIM($B6&""),CHAR(10)," "),CHAR(13)," "),"."," "),";"," "),","," "),"/"," "),"+"," "),"-"," ")," "," ")," "," ")," "," ")," "," ")," "," ")," "," "))," ",REPT(" ",99)),991,99))) | T6: =IF($B6="","",TRIM(MID(SUBSTITUTE(TRIM(SUBSTITUTE(SUBSTITUTE(SUBSTITUTE(SUBSTITUTE(SUBSTITUTE(SUBSTITUTE(SUBSTITUTE(SUBSTITUTE(SUBSTITUTE(SUBSTITUTE(SUBSTITUTE(SUBSTITUTE(SUBSTITUTE(SUBSTITUTE(TRIM($B6&""),CHAR(10)," "),CHAR(13)," "),"."," "),";"," "),","," "),"/"," "),"+"," "),"-"," ")," "," ")," "," ")," "," ")," "," ")," "," ")," "," "))," ",REPT(" ",99)),1090,99))) | U6: =IF($B6="","",TRIM(MID(SUBSTITUTE(TRIM(SUBSTITUTE(SUBSTITUTE(SUBSTITUTE(SUBSTITUTE(SUBSTITUTE(SUBSTITUTE(SUBSTITUTE(SUBSTITUTE(SUBSTITUTE(SUBSTITUTE(SUBSTITUTE(SUBSTITUTE(SUBSTITUTE(SUBSTITUTE(TRIM($B6&""),CHAR(10)," "),CHAR(13)," "),"."," "),";"," "),","," "),"/"," "),"+"," "),"-"," ")," "," ")," "," ")," "," ")," "," ")," "," ")," "," "))," ",REPT(" ",99)),1189,99))) | V6: =IF($B6="","",TRIM(MID(SUBSTITUTE(TRIM(SUBSTITUTE(SUBSTITUTE(SUBSTITUTE(SUBSTITUTE(SUBSTITUTE(SUBSTITUTE(SUBSTITUTE(SUBSTITUTE(SUBSTITUTE(SUBSTITUTE(SUBSTITUTE(SUBSTITUTE(SUBSTITUTE(SUBSTITUTE(TRIM($B6&""),CHAR(10)," "),CHAR(13)," "),"."," "),";"," "),","," "),"/"," "),"+"," "),"-"," ")," "," ")," "," ")," "," ")," "," ")," "," ")," "," "))," ",REPT(" ",99)),1288,99))) | W6: =IF($B6="","",TRIM(MID(SUBSTITUTE(TRIM(SUBSTITUTE(SUBSTITUTE(SUBSTITUTE(SUBSTITUTE(SUBSTITUTE(SUBSTITUTE(SUBSTITUTE(SUBSTITUTE(SUBSTITUTE(SUBSTITUTE(SUBSTITUTE(SUBSTITUTE(SUBSTITUTE(SUBSTITUTE(TRIM($B6&""),CHAR(10)," "),CHAR(13)," "),"."," "),";"," "),","," "),"/"," "),"+"," "),"-"," ")," "," ")," "," ")," "," ")," "," ")," "," ")," "," "))," ",REPT(" ",99)),1387,99))) | X6: =IF($B6="","",TRIM(MID(SUBSTITUTE(TRIM(SUBSTITUTE(SUBSTITUTE(SUBSTITUTE(SUBSTITUTE(SUBSTITUTE(SUBSTITUTE(SUBSTITUTE(SUBSTITUTE(SUBSTITUTE(SUBSTITUTE(SUBSTITUTE(SUBSTITUTE(SUBSTITUTE(SUBSTITUTE(TRIM($B6&""),CHAR(10)," "),CHAR(13)," "),"."," "),";"," "),","," "),"/"," "),"+"," "),"-"," ")," "," ")," "," ")," "," ")," "," ")," "," ")," "," "))," ",REPT(" ",99)),1486,99))) | Y6: =IF($B6="","",TRIM(MID(SUBSTITUTE(TRIM(SUBSTITUTE(SUBSTITUTE(SUBSTITUTE(SUBSTITUTE(SUBSTITUTE(SUBSTITUTE(SUBSTITUTE(SUBSTITUTE(SUBSTITUTE(SUBSTITUTE(SUBSTITUTE(SUBSTITUTE(SUBSTITUTE(SUBSTITUTE(TRIM($B6&""),CHAR(10)," "),CHAR(13)," "),"."," "),";"," "),","," "),"/"," "),"+"," "),"-"," ")," "," ")," "," ")," "," ")," "," ")," "," ")," "," "))," ",REPT(" ",99)),1585,99))) | Z6: =IF($B6="","",TRIM(MID(SUBSTITUTE(TRIM(SUBSTITUTE(SUBSTITUTE(SUBSTITUTE(SUBSTITUTE(SUBSTITUTE(SUBSTITUTE(SUBSTITUTE(SUBSTITUTE(SUBSTITUTE(SUBSTITUTE(SUBSTITUTE(SUBSTITUTE(SUBSTITUTE(SUBSTITUTE(TRIM($B6&""),CHAR(10)," "),CHAR(13)," "),"."," "),";"," "),","," "),"/"," "),"+"," "),"-"," ")," "," ")," "," ")," "," ")," "," ")," "," ")," "," "))," ",REPT(" ",99)),1684,99))) | AA6: =IF($B6="","",TRIM(MID(SUBSTITUTE(TRIM(SUBSTITUTE(SUBSTITUTE(SUBSTITUTE(SUBSTITUTE(SUBSTITUTE(SUBSTITUTE(SUBSTITUTE(SUBSTITUTE(SUBSTITUTE(SUBSTITUTE(SUBSTITUTE(SUBSTITUTE(SUBSTITUTE(SUBSTITUTE(TRIM($B6&""),CHAR(10)," "),CHAR(13)," "),"."," "),";"," "),","," "),"/"," "),"+"," "),"-"," ")," "," ")," "," ")," "," ")," "," ")," "," ")," "," "))," ",REPT(" ",99)),1783,99))) | AB6: =IF($B6="","",TRIM(MID(SUBSTITUTE(TRIM(SUBSTITUTE(SUBSTITUTE(SUBSTITUTE(SUBSTITUTE(SUBSTITUTE(SUBSTITUTE(SUBSTITUTE(SUBSTITUTE(SUBSTITUTE(SUBSTITUTE(SUBSTITUTE(SUBSTITUTE(SUBSTITUTE(SUBSTITUTE(TRIM($B6&""),CHAR(10)," "),CHAR(13)," "),"."," "),";"," "),","," "),"/"," "),"+"," "),"-"," ")," "," ")," "," ")," "," ")," "," ")," "," ")," "," "))," ",REPT(" ",99)),1882,99)))
A7: =IF(OR($B7="",$C7=""),"",IFERROR(INDEX('5_ACOMPANHAMENTO'!$A$3:$A$4922,MATCH(1,INDEX(('5_ACOMPANHAMENTO'!$AD$3:$AD$4922=TRIM($C7&""))*('5_ACOMPANHAMENTO'!$AC$3:$AC$4922<>"")*((((I7<>"")*ISNUMBER(SEARCH("|"&I7&"|",'5_ACOMPANHAMENTO'!$AC$3:$AC$4922)))+((J7<>"")*ISNUMBER(SEARCH("|"&J7&"|",'5_ACOMPANHAMENTO'!$AC$3:$AC$4922)))+((K7<>"")*ISNUMBER(SEARCH("|"&K7&"|",'5_ACOMPANHAMENTO'!$AC$3:$AC$4922)))+((L7<>"")*ISNUMBER(SEARCH("|"&L7&"|",'5_ACOMPANHAMENTO'!$AC$3:$AC$4922)))+((M7<>"")*ISNUMBER(SEARCH("|"&M7&"|",'5_ACOMPANHAMENTO'!$AC$3:$AC$4922)))+((N7<>"")*ISNUMBER(SEARCH("|"&N7&"|",'5_ACOMPANHAMENTO'!$AC$3:$AC$4922)))+((O7<>"")*ISNUMBER(SEARCH("|"&O7&"|",'5_ACOMPANHAMENTO'!$AC$3:$AC$4922)))+((P7<>"")*ISNUMBER(SEARCH("|"&P7&"|",'5_ACOMPANHAMENTO'!$AC$3:$AC$4922)))+((Q7<>"")*ISNUMBER(SEARCH("|"&Q7&"|",'5_ACOMPANHAMENTO'!$AC$3:$AC$4922)))+((R7<>"")*ISNUMBER(SEARCH("|"&R7&"|",'5_ACOMPANHAMENTO'!$AC$3:$AC$4922)))+((S7<>"")*ISNUMBER(SEARCH("|"&S7&"|",'5_ACOMPANHAMENTO'!$AC$3:$AC$4922)))+((T7<>"")*ISNUMBER(SEARCH("|"&T7&"|",'5_ACOMPANHAMENTO'!$AC$3:$AC$4922)))+((U7<>"")*ISNUMBER(SEARCH("|"&U7&"|",'5_ACOMPANHAMENTO'!$AC$3:$AC$4922)))+((V7<>"")*ISNUMBER(SEARCH("|"&V7&"|",'5_ACOMPANHAMENTO'!$AC$3:$AC$4922)))+((W7<>"")*ISNUMBER(SEARCH("|"&W7&"|",'5_ACOMPANHAMENTO'!$AC$3:$AC$4922)))+((X7<>"")*ISNUMBER(SEARCH("|"&X7&"|",'5_ACOMPANHAMENTO'!$AC$3:$AC$4922)))+((Y7<>"")*ISNUMBER(SEARCH("|"&Y7&"|",'5_ACOMPANHAMENTO'!$AC$3:$AC$4922)))+((Z7<>"")*ISNUMBER(SEARCH("|"&Z7&"|",'5_ACOMPANHAMENTO'!$AC$3:$AC$4922)))+((AA7<>"")*ISNUMBER(SEARCH("|"&AA7&"|",'5_ACOMPANHAMENTO'!$AC$3:$AC$4922)))+((AB7<>"")*ISNUMBER(SEARCH("|"&AB7&"|",'5_ACOMPANHAMENTO'!$AC$3:$AC$4922))))>0),0),0)),"")) | B7: 10176 | C7: COPIADORA | D7: =IF(OR($B7="",$C7=""),"",IFERROR(SUMPRODUCT(--(('5_ACOMPANHAMENTO'!$AD$3:$AD$4922=TRIM($C7&""))*('5_ACOMPANHAMENTO'!$AC$3:$AC$4922<>"")*((((I7<>"")*ISNUMBER(SEARCH("|"&I7&"|",'5_ACOMPANHAMENTO'!$AC$3:$AC$4922)))+((J7<>"")*ISNUMBER(SEARCH("|"&J7&"|",'5_ACOMPANHAMENTO'!$AC$3:$AC$4922)))+((K7<>"")*ISNUMBER(SEARCH("|"&K7&"|",'5_ACOMPANHAMENTO'!$AC$3:$AC$4922)))+((L7<>"")*ISNUMBER(SEARCH("|"&L7&"|",'5_ACOMPANHAMENTO'!$AC$3:$AC$4922)))+((M7<>"")*ISNUMBER(SEARCH("|"&M7&"|",'5_ACOMPANHAMENTO'!$AC$3:$AC$4922)))+((N7<>"")*ISNUMBER(SEARCH("|"&N7&"|",'5_ACOMPANHAMENTO'!$AC$3:$AC$4922)))+((O7<>"")*ISNUMBER(SEARCH("|"&O7&"|",'5_ACOMPANHAMENTO'!$AC$3:$AC$4922)))+((P7<>"")*ISNUMBER(SEARCH("|"&P7&"|",'5_ACOMPANHAMENTO'!$AC$3:$AC$4922)))+((Q7<>"")*ISNUMBER(SEARCH("|"&Q7&"|",'5_ACOMPANHAMENTO'!$AC$3:$AC$4922)))+((R7<>"")*ISNUMBER(SEARCH("|"&R7&"|",'5_ACOMPANHAMENTO'!$AC$3:$AC$4922)))+((S7<>"")*ISNUMBER(SEARCH("|"&S7&"|",'5_ACOMPANHAMENTO'!$AC$3:$AC$4922)))+((T7<>"")*ISNUMBER(SEARCH("|"&T7&"|",'5_ACOMPANHAMENTO'!$AC$3:$AC$4922)))+((U7<>"")*ISNUMBER(SEARCH("|"&U7&"|",'5_ACOMPANHAMENTO'!$AC$3:$AC$4922)))+((V7<>"")*ISNUMBER(SEARCH("|"&V7&"|",'5_ACOMPANHAMENTO'!$AC$3:$AC$4922)))+((W7<>"")*ISNUMBER(SEARCH("|"&W7&"|",'5_ACOMPANHAMENTO'!$AC$3:$AC$4922)))+((X7<>"")*ISNUMBER(SEARCH("|"&X7&"|",'5_ACOMPANHAMENTO'!$AC$3:$AC$4922)))+((Y7<>"")*ISNUMBER(SEARCH("|"&Y7&"|",'5_ACOMPANHAMENTO'!$AC$3:$AC$4922)))+((Z7<>"")*ISNUMBER(SEARCH("|"&Z7&"|",'5_ACOMPANHAMENTO'!$AC$3:$AC$4922)))+((AA7<>"")*ISNUMBER(SEARCH("|"&AA7&"|",'5_ACOMPANHAMENTO'!$AC$3:$AC$4922)))+((AB7<>"")*ISNUMBER(SEARCH("|"&AB7&"|",'5_ACOMPANHAMENTO'!$AC$3:$AC$4922))))>0)),'5_ACOMPANHAMENTO'!$J$3:$J$4922),0)) | E7: =IF(G7=0,"FINALIZADO",IF(TODAY()>A7,"ATRASADO "&TODAY()-A7&" DIAS","ADIANTADO "&A7-TODAY()&" DIAS")) | F7: =IF(OR($B7="",$C7=""),"",IFERROR(SUMPRODUCT(--(('5_ACOMPANHAMENTO'!$AD$3:$AD$4922=TRIM($C7&""))*('5_ACOMPANHAMENTO'!$AC$3:$AC$4922<>"")*((((I7<>"")*ISNUMBER(SEARCH("|"&I7&"|",'5_ACOMPANHAMENTO'!$AC$3:$AC$4922)))+((J7<>"")*ISNUMBER(SEARCH("|"&J7&"|",'5_ACOMPANHAMENTO'!$AC$3:$AC$4922)))+((K7<>"")*ISNUMBER(SEARCH("|"&K7&"|",'5_ACOMPANHAMENTO'!$AC$3:$AC$4922)))+((L7<>"")*ISNUMBER(SEARCH("|"&L7&"|",'5_ACOMPANHAMENTO'!$AC$3:$AC$4922)))+((M7<>"")*ISNUMBER(SEARCH("|"&M7&"|",'5_ACOMPANHAMENTO'!$AC$3:$AC$4922)))+((N7<>"")*ISNUMBER(SEARCH("|"&N7&"|",'5_ACOMPANHAMENTO'!$AC$3:$AC$4922)))+((O7<>"")*ISNUMBER(SEARCH("|"&O7&"|",'5_ACOMPANHAMENTO'!$AC$3:$AC$4922)))+((P7<>"")*ISNUMBER(SEARCH("|"&P7&"|",'5_ACOMPANHAMENTO'!$AC$3:$AC$4922)))+((Q7<>"")*ISNUMBER(SEARCH("|"&Q7&"|",'5_ACOMPANHAMENTO'!$AC$3:$AC$4922)))+((R7<>"")*ISNUMBER(SEARCH("|"&R7&"|",'5_ACOMPANHAMENTO'!$AC$3:$AC$4922)))+((S7<>"")*ISNUMBER(SEARCH("|"&S7&"|",'5_ACOMPANHAMENTO'!$AC$3:$AC$4922)))+((T7<>"")*ISNUMBER(SEARCH("|"&T7&"|",'5_ACOMPANHAMENTO'!$AC$3:$AC$4922)))+((U7<>"")*ISNUMBER(SEARCH("|"&U7&"|",'5_ACOMPANHAMENTO'!$AC$3:$AC$4922)))+((V7<>"")*ISNUMBER(SEARCH("|"&V7&"|",'5_ACOMPANHAMENTO'!$AC$3:$AC$4922)))+((W7<>"")*ISNUMBER(SEARCH("|"&W7&"|",'5_ACOMPANHAMENTO'!$AC$3:$AC$4922)))+((X7<>"")*ISNUMBER(SEARCH("|"&X7&"|",'5_ACOMPANHAMENTO'!$AC$3:$AC$4922)))+((Y7<>"")*ISNUMBER(SEARCH("|"&Y7&"|",'5_ACOMPANHAMENTO'!$AC$3:$AC$4922)))+((Z7<>"")*ISNUMBER(SEARCH("|"&Z7&"|",'5_ACOMPANHAMENTO'!$AC$3:$AC$4922)))+((AA7<>"")*ISNUMBER(SEARCH("|"&AA7&"|",'5_ACOMPANHAMENTO'!$AC$3:$AC$4922)))+((AB7<>"")*ISNUMBER(SEARCH("|"&AB7&"|",'5_ACOMPANHAMENTO'!$AC$3:$AC$4922))))>0)),'5_ACOMPANHAMENTO'!$O$3:$O$4922),0)) | G7: =IF(OR($B7="",$C7=""),"",D7-F7) | H7: =IF(OR($B7="",$C7=""),"",TRIM($B7&"")&"|"&TRIM($C7&"")) | I7: =IF($B7="","",TRIM(MID(SUBSTITUTE(TRIM(SUBSTITUTE(SUBSTITUTE(SUBSTITUTE(SUBSTITUTE(SUBSTITUTE(SUBSTITUTE(SUBSTITUTE(SUBSTITUTE(SUBSTITUTE(SUBSTITUTE(SUBSTITUTE(SUBSTITUTE(SUBSTITUTE(SUBSTITUTE(TRIM($B7&""),CHAR(10)," "),CHAR(13)," "),"."," "),";"," "),","," "),"/"," "),"+"," "),"-"," ")," "," ")," "," ")," "," ")," "," ")," "," ")," "," "))," ",REPT(" ",99)),1,99))) | J7: =IF($B7="","",TRIM(MID(SUBSTITUTE(TRIM(SUBSTITUTE(SUBSTITUTE(SUBSTITUTE(SUBSTITUTE(SUBSTITUTE(SUBSTITUTE(SUBSTITUTE(SUBSTITUTE(SUBSTITUTE(SUBSTITUTE(SUBSTITUTE(SUBSTITUTE(SUBSTITUTE(SUBSTITUTE(TRIM($B7&""),CHAR(10)," "),CHAR(13)," "),"."," "),";"," "),","," "),"/"," "),"+"," "),"-"," ")," "," ")," "," ")," "," ")," "," ")," "," ")," "," "))," ",REPT(" ",99)),100,99))) | K7: =IF($B7="","",TRIM(MID(SUBSTITUTE(TRIM(SUBSTITUTE(SUBSTITUTE(SUBSTITUTE(SUBSTITUTE(SUBSTITUTE(SUBSTITUTE(SUBSTITUTE(SUBSTITUTE(SUBSTITUTE(SUBSTITUTE(SUBSTITUTE(SUBSTITUTE(SUBSTITUTE(SUBSTITUTE(TRIM($B7&""),CHAR(10)," "),CHAR(13)," "),"."," "),";"," "),","," "),"/"," "),"+"," "),"-"," ")," "," ")," "," ")," "," ")," "," ")," "," ")," "," "))," ",REPT(" ",99)),199,99))) | L7: =IF($B7="","",TRIM(MID(SUBSTITUTE(TRIM(SUBSTITUTE(SUBSTITUTE(SUBSTITUTE(SUBSTITUTE(SUBSTITUTE(SUBSTITUTE(SUBSTITUTE(SUBSTITUTE(SUBSTITUTE(SUBSTITUTE(SUBSTITUTE(SUBSTITUTE(SUBSTITUTE(SUBSTITUTE(TRIM($B7&""),CHAR(10)," "),CHAR(13)," "),"."," "),";"," "),","," "),"/"," "),"+"," "),"-"," ")," "," ")," "," ")," "," ")," "," ")," "," ")," "," "))," ",REPT(" ",99)),298,99))) | M7: =IF($B7="","",TRIM(MID(SUBSTITUTE(TRIM(SUBSTITUTE(SUBSTITUTE(SUBSTITUTE(SUBSTITUTE(SUBSTITUTE(SUBSTITUTE(SUBSTITUTE(SUBSTITUTE(SUBSTITUTE(SUBSTITUTE(SUBSTITUTE(SUBSTITUTE(SUBSTITUTE(SUBSTITUTE(TRIM($B7&""),CHAR(10)," "),CHAR(13)," "),"."," "),";"," "),","," "),"/"," "),"+"," "),"-"," ")," "," ")," "," ")," "," ")," "," ")," "," ")," "," "))," ",REPT(" ",99)),397,99))) | N7: =IF($B7="","",TRIM(MID(SUBSTITUTE(TRIM(SUBSTITUTE(SUBSTITUTE(SUBSTITUTE(SUBSTITUTE(SUBSTITUTE(SUBSTITUTE(SUBSTITUTE(SUBSTITUTE(SUBSTITUTE(SUBSTITUTE(SUBSTITUTE(SUBSTITUTE(SUBSTITUTE(SUBSTITUTE(TRIM($B7&""),CHAR(10)," "),CHAR(13)," "),"."," "),";"," "),","," "),"/"," "),"+"," "),"-"," ")," "," ")," "," ")," "," ")," "," ")," "," ")," "," "))," ",REPT(" ",99)),496,99))) | O7: =IF($B7="","",TRIM(MID(SUBSTITUTE(TRIM(SUBSTITUTE(SUBSTITUTE(SUBSTITUTE(SUBSTITUTE(SUBSTITUTE(SUBSTITUTE(SUBSTITUTE(SUBSTITUTE(SUBSTITUTE(SUBSTITUTE(SUBSTITUTE(SUBSTITUTE(SUBSTITUTE(SUBSTITUTE(TRIM($B7&""),CHAR(10)," "),CHAR(13)," "),"."," "),";"," "),","," "),"/"," "),"+"," "),"-"," ")," "," ")," "," ")," "," ")," "," ")," "," ")," "," "))," ",REPT(" ",99)),595,99))) | P7: =IF($B7="","",TRIM(MID(SUBSTITUTE(TRIM(SUBSTITUTE(SUBSTITUTE(SUBSTITUTE(SUBSTITUTE(SUBSTITUTE(SUBSTITUTE(SUBSTITUTE(SUBSTITUTE(SUBSTITUTE(SUBSTITUTE(SUBSTITUTE(SUBSTITUTE(SUBSTITUTE(SUBSTITUTE(TRIM($B7&""),CHAR(10)," "),CHAR(13)," "),"."," "),";"," "),","," "),"/"," "),"+"," "),"-"," ")," "," ")," "," ")," "," ")," "," ")," "," ")," "," "))," ",REPT(" ",99)),694,99))) | Q7: =IF($B7="","",TRIM(MID(SUBSTITUTE(TRIM(SUBSTITUTE(SUBSTITUTE(SUBSTITUTE(SUBSTITUTE(SUBSTITUTE(SUBSTITUTE(SUBSTITUTE(SUBSTITUTE(SUBSTITUTE(SUBSTITUTE(SUBSTITUTE(SUBSTITUTE(SUBSTITUTE(SUBSTITUTE(TRIM($B7&""),CHAR(10)," "),CHAR(13)," "),"."," "),";"," "),","," "),"/"," "),"+"," "),"-"," ")," "," ")," "," ")," "," ")," "," ")," "," ")," "," "))," ",REPT(" ",99)),793,99))) | R7: =IF($B7="","",TRIM(MID(SUBSTITUTE(TRIM(SUBSTITUTE(SUBSTITUTE(SUBSTITUTE(SUBSTITUTE(SUBSTITUTE(SUBSTITUTE(SUBSTITUTE(SUBSTITUTE(SUBSTITUTE(SUBSTITUTE(SUBSTITUTE(SUBSTITUTE(SUBSTITUTE(SUBSTITUTE(TRIM($B7&""),CHAR(10)," "),CHAR(13)," "),"."," "),";"," "),","," "),"/"," "),"+"," "),"-"," ")," "," ")," "," ")," "," ")," "," ")," "," ")," "," "))," ",REPT(" ",99)),892,99))) | S7: =IF($B7="","",TRIM(MID(SUBSTITUTE(TRIM(SUBSTITUTE(SUBSTITUTE(SUBSTITUTE(SUBSTITUTE(SUBSTITUTE(SUBSTITUTE(SUBSTITUTE(SUBSTITUTE(SUBSTITUTE(SUBSTITUTE(SUBSTITUTE(SUBSTITUTE(SUBSTITUTE(SUBSTITUTE(TRIM($B7&""),CHAR(10)," "),CHAR(13)," "),"."," "),";"," "),","," "),"/"," "),"+"," "),"-"," ")," "," ")," "," ")," "," ")," "," ")," "," ")," "," "))," ",REPT(" ",99)),991,99))) | T7: =IF($B7="","",TRIM(MID(SUBSTITUTE(TRIM(SUBSTITUTE(SUBSTITUTE(SUBSTITUTE(SUBSTITUTE(SUBSTITUTE(SUBSTITUTE(SUBSTITUTE(SUBSTITUTE(SUBSTITUTE(SUBSTITUTE(SUBSTITUTE(SUBSTITUTE(SUBSTITUTE(SUBSTITUTE(TRIM($B7&""),CHAR(10)," "),CHAR(13)," "),"."," "),";"," "),","," "),"/"," "),"+"," "),"-"," ")," "," ")," "," ")," "," ")," "," ")," "," ")," "," "))," ",REPT(" ",99)),1090,99))) | U7: =IF($B7="","",TRIM(MID(SUBSTITUTE(TRIM(SUBSTITUTE(SUBSTITUTE(SUBSTITUTE(SUBSTITUTE(SUBSTITUTE(SUBSTITUTE(SUBSTITUTE(SUBSTITUTE(SUBSTITUTE(SUBSTITUTE(SUBSTITUTE(SUBSTITUTE(SUBSTITUTE(SUBSTITUTE(TRIM($B7&""),CHAR(10)," "),CHAR(13)," "),"."," "),";"," "),","," "),"/"," "),"+"," "),"-"," ")," "," ")," "," ")," "," ")," "," ")," "," ")," "," "))," ",REPT(" ",99)),1189,99))) | V7: =IF($B7="","",TRIM(MID(SUBSTITUTE(TRIM(SUBSTITUTE(SUBSTITUTE(SUBSTITUTE(SUBSTITUTE(SUBSTITUTE(SUBSTITUTE(SUBSTITUTE(SUBSTITUTE(SUBSTITUTE(SUBSTITUTE(SUBSTITUTE(SUBSTITUTE(SUBSTITUTE(SUBSTITUTE(TRIM($B7&""),CHAR(10)," "),CHAR(13)," "),"."," "),";"," "),","," "),"/"," "),"+"," "),"-"," ")," "," ")," "," ")," "," ")," "," ")," "," ")," "," "))," ",REPT(" ",99)),1288,99))) | W7: =IF($B7="","",TRIM(MID(SUBSTITUTE(TRIM(SUBSTITUTE(SUBSTITUTE(SUBSTITUTE(SUBSTITUTE(SUBSTITUTE(SUBSTITUTE(SUBSTITUTE(SUBSTITUTE(SUBSTITUTE(SUBSTITUTE(SUBSTITUTE(SUBSTITUTE(SUBSTITUTE(SUBSTITUTE(TRIM($B7&""),CHAR(10)," "),CHAR(13)," "),"."," "),";"," "),","," "),"/"," "),"+"," "),"-"," ")," "," ")," "," ")," "," ")," "," ")," "," ")," "," "))," ",REPT(" ",99)),1387,99))) | X7: =IF($B7="","",TRIM(MID(SUBSTITUTE(TRIM(SUBSTITUTE(SUBSTITUTE(SUBSTITUTE(SUBSTITUTE(SUBSTITUTE(SUBSTITUTE(SUBSTITUTE(SUBSTITUTE(SUBSTITUTE(SUBSTITUTE(SUBSTITUTE(SUBSTITUTE(SUBSTITUTE(SUBSTITUTE(TRIM($B7&""),CHAR(10)," "),CHAR(13)," "),"."," "),";"," "),","," "),"/"," "),"+"," "),"-"," ")," "," ")," "," ")," "," ")," "," ")," "," ")," "," "))," ",REPT(" ",99)),1486,99))) | Y7: =IF($B7="","",TRIM(MID(SUBSTITUTE(TRIM(SUBSTITUTE(SUBSTITUTE(SUBSTITUTE(SUBSTITUTE(SUBSTITUTE(SUBSTITUTE(SUBSTITUTE(SUBSTITUTE(SUBSTITUTE(SUBSTITUTE(SUBSTITUTE(SUBSTITUTE(SUBSTITUTE(SUBSTITUTE(TRIM($B7&""),CHAR(10)," "),CHAR(13)," "),"."," "),";"," "),","," "),"/"," "),"+"," "),"-"," ")," "," ")," "," ")," "," ")," "," ")," "," ")," "," "))," ",REPT(" ",99)),1585,99))) | Z7: =IF($B7="","",TRIM(MID(SUBSTITUTE(TRIM(SUBSTITUTE(SUBSTITUTE(SUBSTITUTE(SUBSTITUTE(SUBSTITUTE(SUBSTITUTE(SUBSTITUTE(SUBSTITUTE(SUBSTITUTE(SUBSTITUTE(SUBSTITUTE(SUBSTITUTE(SUBSTITUTE(SUBSTITUTE(TRIM($B7&""),CHAR(10)," "),CHAR(13)," "),"."," "),";"," "),","," "),"/"," "),"+"," "),"-"," ")," "," ")," "," ")," "," ")," "," ")," "," ")," "," "))," ",REPT(" ",99)),1684,99))) | AA7: =IF($B7="","",TRIM(MID(SUBSTITUTE(TRIM(SUBSTITUTE(SUBSTITUTE(SUBSTITUTE(SUBSTITUTE(SUBSTITUTE(SUBSTITUTE(SUBSTITUTE(SUBSTITUTE(SUBSTITUTE(SUBSTITUTE(SUBSTITUTE(SUBSTITUTE(SUBSTITUTE(SUBSTITUTE(TRIM($B7&""),CHAR(10)," "),CHAR(13)," "),"."," "),";"," "),","," "),"/"," "),"+"," "),"-"," ")," "," ")," "," ")," "," ")," "," ")," "," ")," "," "))," ",REPT(" ",99)),1783,99))) | AB7: =IF($B7="","",TRIM(MID(SUBSTITUTE(TRIM(SUBSTITUTE(SUBSTITUTE(SUBSTITUTE(SUBSTITUTE(SUBSTITUTE(SUBSTITUTE(SUBSTITUTE(SUBSTITUTE(SUBSTITUTE(SUBSTITUTE(SUBSTITUTE(SUBSTITUTE(SUBSTITUTE(SUBSTITUTE(TRIM($B7&""),CHAR(10)," "),CHAR(13)," "),"."," "),";"," "),","," "),"/"," "),"+"," "),"-"," ")," "," ")," "," ")," "," ")," "," ")," "," ")," "," "))," ",REPT(" ",99)),1882,99)))
A8: =IF(OR($B8="",$C8=""),"",IFERROR(INDEX('5_ACOMPANHAMENTO'!$A$3:$A$4922,MATCH(1,INDEX(('5_ACOMPANHAMENTO'!$AD$3:$AD$4922=TRIM($C8&""))*('5_ACOMPANHAMENTO'!$AC$3:$AC$4922<>"")*((((I8<>"")*ISNUMBER(SEARCH("|"&I8&"|",'5_ACOMPANHAMENTO'!$AC$3:$AC$4922)))+((J8<>"")*ISNUMBER(SEARCH("|"&J8&"|",'5_ACOMPANHAMENTO'!$AC$3:$AC$4922)))+((K8<>"")*ISNUMBER(SEARCH("|"&K8&"|",'5_ACOMPANHAMENTO'!$AC$3:$AC$4922)))+((L8<>"")*ISNUMBER(SEARCH("|"&L8&"|",'5_ACOMPANHAMENTO'!$AC$3:$AC$4922)))+((M8<>"")*ISNUMBER(SEARCH("|"&M8&"|",'5_ACOMPANHAMENTO'!$AC$3:$AC$4922)))+((N8<>"")*ISNUMBER(SEARCH("|"&N8&"|",'5_ACOMPANHAMENTO'!$AC$3:$AC$4922)))+((O8<>"")*ISNUMBER(SEARCH("|"&O8&"|",'5_ACOMPANHAMENTO'!$AC$3:$AC$4922)))+((P8<>"")*ISNUMBER(SEARCH("|"&P8&"|",'5_ACOMPANHAMENTO'!$AC$3:$AC$4922)))+((Q8<>"")*ISNUMBER(SEARCH("|"&Q8&"|",'5_ACOMPANHAMENTO'!$AC$3:$AC$4922)))+((R8<>"")*ISNUMBER(SEARCH("|"&R8&"|",'5_ACOMPANHAMENTO'!$AC$3:$AC$4922)))+((S8<>"")*ISNUMBER(SEARCH("|"&S8&"|",'5_ACOMPANHAMENTO'!$AC$3:$AC$4922)))+((T8<>"")*ISNUMBER(SEARCH("|"&T8&"|",'5_ACOMPANHAMENTO'!$AC$3:$AC$4922)))+((U8<>"")*ISNUMBER(SEARCH("|"&U8&"|",'5_ACOMPANHAMENTO'!$AC$3:$AC$4922)))+((V8<>"")*ISNUMBER(SEARCH("|"&V8&"|",'5_ACOMPANHAMENTO'!$AC$3:$AC$4922)))+((W8<>"")*ISNUMBER(SEARCH("|"&W8&"|",'5_ACOMPANHAMENTO'!$AC$3:$AC$4922)))+((X8<>"")*ISNUMBER(SEARCH("|"&X8&"|",'5_ACOMPANHAMENTO'!$AC$3:$AC$4922)))+((Y8<>"")*ISNUMBER(SEARCH("|"&Y8&"|",'5_ACOMPANHAMENTO'!$AC$3:$AC$4922)))+((Z8<>"")*ISNUMBER(SEARCH("|"&Z8&"|",'5_ACOMPANHAMENTO'!$AC$3:$AC$4922)))+((AA8<>"")*ISNUMBER(SEARCH("|"&AA8&"|",'5_ACOMPANHAMENTO'!$AC$3:$AC$4922)))+((AB8<>"")*ISNUMBER(SEARCH("|"&AB8&"|",'5_ACOMPANHAMENTO'!$AC$3:$AC$4922))))>0),0),0)),"")) | B8: 10176 | C8: USINAGEM | D8: =IF(OR($B8="",$C8=""),"",IFERROR(SUMPRODUCT(--(('5_ACOMPANHAMENTO'!$AD$3:$AD$4922=TRIM($C8&""))*('5_ACOMPANHAMENTO'!$AC$3:$AC$4922<>"")*((((I8<>"")*ISNUMBER(SEARCH("|"&I8&"|",'5_ACOMPANHAMENTO'!$AC$3:$AC$4922)))+((J8<>"")*ISNUMBER(SEARCH("|"&J8&"|",'5_ACOMPANHAMENTO'!$AC$3:$AC$4922)))+((K8<>"")*ISNUMBER(SEARCH("|"&K8&"|",'5_ACOMPANHAMENTO'!$AC$3:$AC$4922)))+((L8<>"")*ISNUMBER(SEARCH("|"&L8&"|",'5_ACOMPANHAMENTO'!$AC$3:$AC$4922)))+((M8<>"")*ISNUMBER(SEARCH("|"&M8&"|",'5_ACOMPANHAMENTO'!$AC$3:$AC$4922)))+((N8<>"")*ISNUMBER(SEARCH("|"&N8&"|",'5_ACOMPANHAMENTO'!$AC$3:$AC$4922)))+((O8<>"")*ISNUMBER(SEARCH("|"&O8&"|",'5_ACOMPANHAMENTO'!$AC$3:$AC$4922)))+((P8<>"")*ISNUMBER(SEARCH("|"&P8&"|",'5_ACOMPANHAMENTO'!$AC$3:$AC$4922)))+((Q8<>"")*ISNUMBER(SEARCH("|"&Q8&"|",'5_ACOMPANHAMENTO'!$AC$3:$AC$4922)))+((R8<>"")*ISNUMBER(SEARCH("|"&R8&"|",'5_ACOMPANHAMENTO'!$AC$3:$AC$4922)))+((S8<>"")*ISNUMBER(SEARCH("|"&S8&"|",'5_ACOMPANHAMENTO'!$AC$3:$AC$4922)))+((T8<>"")*ISNUMBER(SEARCH("|"&T8&"|",'5_ACOMPANHAMENTO'!$AC$3:$AC$4922)))+((U8<>"")*ISNUMBER(SEARCH("|"&U8&"|",'5_ACOMPANHAMENTO'!$AC$3:$AC$4922)))+((V8<>"")*ISNUMBER(SEARCH("|"&V8&"|",'5_ACOMPANHAMENTO'!$AC$3:$AC$4922)))+((W8<>"")*ISNUMBER(SEARCH("|"&W8&"|",'5_ACOMPANHAMENTO'!$AC$3:$AC$4922)))+((X8<>"")*ISNUMBER(SEARCH("|"&X8&"|",'5_ACOMPANHAMENTO'!$AC$3:$AC$4922)))+((Y8<>"")*ISNUMBER(SEARCH("|"&Y8&"|",'5_ACOMPANHAMENTO'!$AC$3:$AC$4922)))+((Z8<>"")*ISNUMBER(SEARCH("|"&Z8&"|",'5_ACOMPANHAMENTO'!$AC$3:$AC$4922)))+((AA8<>"")*ISNUMBER(SEARCH("|"&AA8&"|",'5_ACOMPANHAMENTO'!$AC$3:$AC$4922)))+((AB8<>"")*ISNUMBER(SEARCH("|"&AB8&"|",'5_ACOMPANHAMENTO'!$AC$3:$AC$4922))))>0)),'5_ACOMPANHAMENTO'!$J$3:$J$4922),0)) | E8: =IF(G8=0,"FINALIZADO",IF(TODAY()>A8,"ATRASADO "&TODAY()-A8&" DIAS","ADIANTADO "&A8-TODAY()&" DIAS")) | F8: =IF(OR($B8="",$C8=""),"",IFERROR(SUMPRODUCT(--(('5_ACOMPANHAMENTO'!$AD$3:$AD$4922=TRIM($C8&""))*('5_ACOMPANHAMENTO'!$AC$3:$AC$4922<>"")*((((I8<>"")*ISNUMBER(SEARCH("|"&I8&"|",'5_ACOMPANHAMENTO'!$AC$3:$AC$4922)))+((J8<>"")*ISNUMBER(SEARCH("|"&J8&"|",'5_ACOMPANHAMENTO'!$AC$3:$AC$4922)))+((K8<>"")*ISNUMBER(SEARCH("|"&K8&"|",'5_ACOMPANHAMENTO'!$AC$3:$AC$4922)))+((L8<>"")*ISNUMBER(SEARCH("|"&L8&"|",'5_ACOMPANHAMENTO'!$AC$3:$AC$4922)))+((M8<>"")*ISNUMBER(SEARCH("|"&M8&"|",'5_ACOMPANHAMENTO'!$AC$3:$AC$4922)))+((N8<>"")*ISNUMBER(SEARCH("|"&N8&"|",'5_ACOMPANHAMENTO'!$AC$3:$AC$4922)))+((O8<>"")*ISNUMBER(SEARCH("|"&O8&"|",'5_ACOMPANHAMENTO'!$AC$3:$AC$4922)))+((P8<>"")*ISNUMBER(SEARCH("|"&P8&"|",'5_ACOMPANHAMENTO'!$AC$3:$AC$4922)))+((Q8<>"")*ISNUMBER(SEARCH("|"&Q8&"|",'5_ACOMPANHAMENTO'!$AC$3:$AC$4922)))+((R8<>"")*ISNUMBER(SEARCH("|"&R8&"|",'5_ACOMPANHAMENTO'!$AC$3:$AC$4922)))+((S8<>"")*ISNUMBER(SEARCH("|"&S8&"|",'5_ACOMPANHAMENTO'!$AC$3:$AC$4922)))+((T8<>"")*ISNUMBER(SEARCH("|"&T8&"|",'5_ACOMPANHAMENTO'!$AC$3:$AC$4922)))+((U8<>"")*ISNUMBER(SEARCH("|"&U8&"|",'5_ACOMPANHAMENTO'!$AC$3:$AC$4922)))+((V8<>"")*ISNUMBER(SEARCH("|"&V8&"|",'5_ACOMPANHAMENTO'!$AC$3:$AC$4922)))+((W8<>"")*ISNUMBER(SEARCH("|"&W8&"|",'5_ACOMPANHAMENTO'!$AC$3:$AC$4922)))+((X8<>"")*ISNUMBER(SEARCH("|"&X8&"|",'5_ACOMPANHAMENTO'!$AC$3:$AC$4922)))+((Y8<>"")*ISNUMBER(SEARCH("|"&Y8&"|",'5_ACOMPANHAMENTO'!$AC$3:$AC$4922)))+((Z8<>"")*ISNUMBER(SEARCH("|"&Z8&"|",'5_ACOMPANHAMENTO'!$AC$3:$AC$4922)))+((AA8<>"")*ISNUMBER(SEARCH("|"&AA8&"|",'5_ACOMPANHAMENTO'!$AC$3:$AC$4922)))+((AB8<>"")*ISNUMBER(SEARCH("|"&AB8&"|",'5_ACOMPANHAMENTO'!$AC$3:$AC$4922))))>0)),'5_ACOMPANHAMENTO'!$O$3:$O$4922),0)) | G8: =IF(OR($B8="",$C8=""),"",D8-F8) | H8: =IF(OR($B8="",$C8=""),"",TRIM($B8&"")&"|"&TRIM($C8&"")) | I8: =IF($B8="","",TRIM(MID(SUBSTITUTE(TRIM(SUBSTITUTE(SUBSTITUTE(SUBSTITUTE(SUBSTITUTE(SUBSTITUTE(SUBSTITUTE(SUBSTITUTE(SUBSTITUTE(SUBSTITUTE(SUBSTITUTE(SUBSTITUTE(SUBSTITUTE(SUBSTITUTE(SUBSTITUTE(TRIM($B8&""),CHAR(10)," "),CHAR(13)," "),"."," "),";"," "),","," "),"/"," "),"+"," "),"-"," ")," "," ")," "," ")," "," ")," "," ")," "," ")," "," "))," ",REPT(" ",99)),1,99))) | J8: =IF($B8="","",TRIM(MID(SUBSTITUTE(TRIM(SUBSTITUTE(SUBSTITUTE(SUBSTITUTE(SUBSTITUTE(SUBSTITUTE(SUBSTITUTE(SUBSTITUTE(SUBSTITUTE(SUBSTITUTE(SUBSTITUTE(SUBSTITUTE(SUBSTITUTE(SUBSTITUTE(SUBSTITUTE(TRIM($B8&""),CHAR(10)," "),CHAR(13)," "),"."," "),";"," "),","," "),"/"," "),"+"," "),"-"," ")," "," ")," "," ")," "," ")," "," ")," "," ")," "," "))," ",REPT(" ",99)),100,99))) | K8: =IF($B8="","",TRIM(MID(SUBSTITUTE(TRIM(SUBSTITUTE(SUBSTITUTE(SUBSTITUTE(SUBSTITUTE(SUBSTITUTE(SUBSTITUTE(SUBSTITUTE(SUBSTITUTE(SUBSTITUTE(SUBSTITUTE(SUBSTITUTE(SUBSTITUTE(SUBSTITUTE(SUBSTITUTE(TRIM($B8&""),CHAR(10)," "),CHAR(13)," "),"."," "),";"," "),","," "),"/"," "),"+"," "),"-"," ")," "," ")," "," ")," "," ")," "," ")," "," ")," "," "))," ",REPT(" ",99)),199,99))) | L8: =IF($B8="","",TRIM(MID(SUBSTITUTE(TRIM(SUBSTITUTE(SUBSTITUTE(SUBSTITUTE(SUBSTITUTE(SUBSTITUTE(SUBSTITUTE(SUBSTITUTE(SUBSTITUTE(SUBSTITUTE(SUBSTITUTE(SUBSTITUTE(SUBSTITUTE(SUBSTITUTE(SUBSTITUTE(TRIM($B8&""),CHAR(10)," "),CHAR(13)," "),"."," "),";"," "),","," "),"/"," "),"+"," "),"-"," ")," "," ")," "," ")," "," ")," "," ")," "," ")," "," "))," ",REPT(" ",99)),298,99))) | M8: =IF($B8="","",TRIM(MID(SUBSTITUTE(TRIM(SUBSTITUTE(SUBSTITUTE(SUBSTITUTE(SUBSTITUTE(SUBSTITUTE(SUBSTITUTE(SUBSTITUTE(SUBSTITUTE(SUBSTITUTE(SUBSTITUTE(SUBSTITUTE(SUBSTITUTE(SUBSTITUTE(SUBSTITUTE(TRIM($B8&""),CHAR(10)," "),CHAR(13)," "),"."," "),";"," "),","," "),"/"," "),"+"," "),"-"," ")," "," ")," "," ")," "," ")," "," ")," "," ")," "," "))," ",REPT(" ",99)),397,99))) | N8: =IF($B8="","",TRIM(MID(SUBSTITUTE(TRIM(SUBSTITUTE(SUBSTITUTE(SUBSTITUTE(SUBSTITUTE(SUBSTITUTE(SUBSTITUTE(SUBSTITUTE(SUBSTITUTE(SUBSTITUTE(SUBSTITUTE(SUBSTITUTE(SUBSTITUTE(SUBSTITUTE(SUBSTITUTE(TRIM($B8&""),CHAR(10)," "),CHAR(13)," "),"."," "),";"," "),","," "),"/"," "),"+"," "),"-"," ")," "," ")," "," ")," "," ")," "," ")," "," ")," "," "))," ",REPT(" ",99)),496,99))) | O8: =IF($B8="","",TRIM(MID(SUBSTITUTE(TRIM(SUBSTITUTE(SUBSTITUTE(SUBSTITUTE(SUBSTITUTE(SUBSTITUTE(SUBSTITUTE(SUBSTITUTE(SUBSTITUTE(SUBSTITUTE(SUBSTITUTE(SUBSTITUTE(SUBSTITUTE(SUBSTITUTE(SUBSTITUTE(TRIM($B8&""),CHAR(10)," "),CHAR(13)," "),"."," "),";"," "),","," "),"/"," "),"+"," "),"-"," ")," "," ")," "," ")," "," ")," "," ")," "," ")," "," "))," ",REPT(" ",99)),595,99))) | P8: =IF($B8="","",TRIM(MID(SUBSTITUTE(TRIM(SUBSTITUTE(SUBSTITUTE(SUBSTITUTE(SUBSTITUTE(SUBSTITUTE(SUBSTITUTE(SUBSTITUTE(SUBSTITUTE(SUBSTITUTE(SUBSTITUTE(SUBSTITUTE(SUBSTITUTE(SUBSTITUTE(SUBSTITUTE(TRIM($B8&""),CHAR(10)," "),CHAR(13)," "),"."," "),";"," "),","," "),"/"," "),"+"," "),"-"," ")," "," ")," "," ")," "," ")," "," ")," "," ")," "," "))," ",REPT(" ",99)),694,99))) | Q8: =IF($B8="","",TRIM(MID(SUBSTITUTE(TRIM(SUBSTITUTE(SUBSTITUTE(SUBSTITUTE(SUBSTITUTE(SUBSTITUTE(SUBSTITUTE(SUBSTITUTE(SUBSTITUTE(SUBSTITUTE(SUBSTITUTE(SUBSTITUTE(SUBSTITUTE(SUBSTITUTE(SUBSTITUTE(TRIM($B8&""),CHAR(10)," "),CHAR(13)," "),"."," "),";"," "),","," "),"/"," "),"+"," "),"-"," ")," "," ")," "," ")," "," ")," "," ")," "," ")," "," "))," ",REPT(" ",99)),793,99))) | R8: =IF($B8="","",TRIM(MID(SUBSTITUTE(TRIM(SUBSTITUTE(SUBSTITUTE(SUBSTITUTE(SUBSTITUTE(SUBSTITUTE(SUBSTITUTE(SUBSTITUTE(SUBSTITUTE(SUBSTITUTE(SUBSTITUTE(SUBSTITUTE(SUBSTITUTE(SUBSTITUTE(SUBSTITUTE(TRIM($B8&""),CHAR(10)," "),CHAR(13)," "),"."," "),";"," "),","," "),"/"," "),"+"," "),"-"," ")," "," ")," "," ")," "," ")," "," ")," "," ")," "," "))," ",REPT(" ",99)),892,99))) | S8: =IF($B8="","",TRIM(MID(SUBSTITUTE(TRIM(SUBSTITUTE(SUBSTITUTE(SUBSTITUTE(SUBSTITUTE(SUBSTITUTE(SUBSTITUTE(SUBSTITUTE(SUBSTITUTE(SUBSTITUTE(SUBSTITUTE(SUBSTITUTE(SUBSTITUTE(SUBSTITUTE(SUBSTITUTE(TRIM($B8&""),CHAR(10)," "),CHAR(13)," "),"."," "),";"," "),","," "),"/"," "),"+"," "),"-"," ")," "," ")," "," ")," "," ")," "," ")," "," ")," "," "))," ",REPT(" ",99)),991,99))) | T8: =IF($B8="","",TRIM(MID(SUBSTITUTE(TRIM(SUBSTITUTE(SUBSTITUTE(SUBSTITUTE(SUBSTITUTE(SUBSTITUTE(SUBSTITUTE(SUBSTITUTE(SUBSTITUTE(SUBSTITUTE(SUBSTITUTE(SUBSTITUTE(SUBSTITUTE(SUBSTITUTE(SUBSTITUTE(TRIM($B8&""),CHAR(10)," "),CHAR(13)," "),"."," "),";"," "),","," "),"/"," "),"+"," "),"-"," ")," "," ")," "," ")," "," ")," "," ")," "," ")," "," "))," ",REPT(" ",99)),1090,99))) | U8: =IF($B8="","",TRIM(MID(SUBSTITUTE(TRIM(SUBSTITUTE(SUBSTITUTE(SUBSTITUTE(SUBSTITUTE(SUBSTITUTE(SUBSTITUTE(SUBSTITUTE(SUBSTITUTE(SUBSTITUTE(SUBSTITUTE(SUBSTITUTE(SUBSTITUTE(SUBSTITUTE(SUBSTITUTE(TRIM($B8&""),CHAR(10)," "),CHAR(13)," "),"."," "),";"," "),","," "),"/"," "),"+"," "),"-"," ")," "," ")," "," ")," "," ")," "," ")," "," ")," "," "))," ",REPT(" ",99)),1189,99))) | V8: =IF($B8="","",TRIM(MID(SUBSTITUTE(TRIM(SUBSTITUTE(SUBSTITUTE(SUBSTITUTE(SUBSTITUTE(SUBSTITUTE(SUBSTITUTE(SUBSTITUTE(SUBSTITUTE(SUBSTITUTE(SUBSTITUTE(SUBSTITUTE(SUBSTITUTE(SUBSTITUTE(SUBSTITUTE(TRIM($B8&""),CHAR(10)," "),CHAR(13)," "),"."," "),";"," "),","," "),"/"," "),"+"," "),"-"," ")," "," ")," "," ")," "," ")," "," ")," "," ")," "," "))," ",REPT(" ",99)),1288,99))) | W8: =IF($B8="","",TRIM(MID(SUBSTITUTE(TRIM(SUBSTITUTE(SUBSTITUTE(SUBSTITUTE(SUBSTITUTE(SUBSTITUTE(SUBSTITUTE(SUBSTITUTE(SUBSTITUTE(SUBSTITUTE(SUBSTITUTE(SUBSTITUTE(SUBSTITUTE(SUBSTITUTE(SUBSTITUTE(TRIM($B8&""),CHAR(10)," "),CHAR(13)," "),"."," "),";"," "),","," "),"/"," "),"+"," "),"-"," ")," "," ")," "," ")," "," ")," "," ")," "," ")," "," "))," ",REPT(" ",99)),1387,99))) | X8: =IF($B8="","",TRIM(MID(SUBSTITUTE(TRIM(SUBSTITUTE(SUBSTITUTE(SUBSTITUTE(SUBSTITUTE(SUBSTITUTE(SUBSTITUTE(SUBSTITUTE(SUBSTITUTE(SUBSTITUTE(SUBSTITUTE(SUBSTITUTE(SUBSTITUTE(SUBSTITUTE(SUBSTITUTE(TRIM($B8&""),CHAR(10)," "),CHAR(13)," "),"."," "),";"," "),","," "),"/"," "),"+"," "),"-"," ")," "," ")," "," ")," "," ")," "," ")," "," ")," "," "))," ",REPT(" ",99)),1486,99))) | Y8: =IF($B8="","",TRIM(MID(SUBSTITUTE(TRIM(SUBSTITUTE(SUBSTITUTE(SUBSTITUTE(SUBSTITUTE(SUBSTITUTE(SUBSTITUTE(SUBSTITUTE(SUBSTITUTE(SUBSTITUTE(SUBSTITUTE(SUBSTITUTE(SUBSTITUTE(SUBSTITUTE(SUBSTITUTE(TRIM($B8&""),CHAR(10)," "),CHAR(13)," "),"."," "),";"," "),","," "),"/"," "),"+"," "),"-"," ")," "," ")," "," ")," "," ")," "," ")," "," ")," "," "))," ",REPT(" ",99)),1585,99))) | Z8: =IF($B8="","",TRIM(MID(SUBSTITUTE(TRIM(SUBSTITUTE(SUBSTITUTE(SUBSTITUTE(SUBSTITUTE(SUBSTITUTE(SUBSTITUTE(SUBSTITUTE(SUBSTITUTE(SUBSTITUTE(SUBSTITUTE(SUBSTITUTE(SUBSTITUTE(SUBSTITUTE(SUBSTITUTE(TRIM($B8&""),CHAR(10)," "),CHAR(13)," "),"."," "),";"," "),","," "),"/"," "),"+"," "),"-"," ")," "," ")," "," ")," "," ")," "," ")," "," ")," "," "))," ",REPT(" ",99)),1684,99))) | AA8: =IF($B8="","",TRIM(MID(SUBSTITUTE(TRIM(SUBSTITUTE(SUBSTITUTE(SUBSTITUTE(SUBSTITUTE(SUBSTITUTE(SUBSTITUTE(SUBSTITUTE(SUBSTITUTE(SUBSTITUTE(SUBSTITUTE(SUBSTITUTE(SUBSTITUTE(SUBSTITUTE(SUBSTITUTE(TRIM($B8&""),CHAR(10)," "),CHAR(13)," "),"."," "),";"," "),","," "),"/"," "),"+"," "),"-"," ")," "," ")," "," ")," "," ")," "," ")," "," ")," "," "))," ",REPT(" ",99)),1783,99))) | AB8: =IF($B8="","",TRIM(MID(SUBSTITUTE(TRIM(SUBSTITUTE(SUBSTITUTE(SUBSTITUTE(SUBSTITUTE(SUBSTITUTE(SUBSTITUTE(SUBSTITUTE(SUBSTITUTE(SUBSTITUTE(SUBSTITUTE(SUBSTITUTE(SUBSTITUTE(SUBSTITUTE(SUBSTITUTE(TRIM($B8&""),CHAR(10)," "),CHAR(13)," "),"."," "),";"," "),","," "),"/"," "),"+"," "),"-"," ")," "," ")," "," ")," "," ")," "," ")," "," ")," "," "))," ",REPT(" ",99)),1882,99)))
A9: =IF(OR($B9="",$C9=""),"",IFERROR(INDEX('5_ACOMPANHAMENTO'!$A$3:$A$4922,MATCH(1,INDEX(('5_ACOMPANHAMENTO'!$AD$3:$AD$4922=TRIM($C9&""))*('5_ACOMPANHAMENTO'!$AC$3:$AC$4922<>"")*((((I9<>"")*ISNUMBER(SEARCH("|"&I9&"|",'5_ACOMPANHAMENTO'!$AC$3:$AC$4922)))+((J9<>"")*ISNUMBER(SEARCH("|"&J9&"|",'5_ACOMPANHAMENTO'!$AC$3:$AC$4922)))+((K9<>"")*ISNUMBER(SEARCH("|"&K9&"|",'5_ACOMPANHAMENTO'!$AC$3:$AC$4922)))+((L9<>"")*ISNUMBER(SEARCH("|"&L9&"|",'5_ACOMPANHAMENTO'!$AC$3:$AC$4922)))+((M9<>"")*ISNUMBER(SEARCH("|"&M9&"|",'5_ACOMPANHAMENTO'!$AC$3:$AC$4922)))+((N9<>"")*ISNUMBER(SEARCH("|"&N9&"|",'5_ACOMPANHAMENTO'!$AC$3:$AC$4922)))+((O9<>"")*ISNUMBER(SEARCH("|"&O9&"|",'5_ACOMPANHAMENTO'!$AC$3:$AC$4922)))+((P9<>"")*ISNUMBER(SEARCH("|"&P9&"|",'5_ACOMPANHAMENTO'!$AC$3:$AC$4922)))+((Q9<>"")*ISNUMBER(SEARCH("|"&Q9&"|",'5_ACOMPANHAMENTO'!$AC$3:$AC$4922)))+((R9<>"")*ISNUMBER(SEARCH("|"&R9&"|",'5_ACOMPANHAMENTO'!$AC$3:$AC$4922)))+((S9<>"")*ISNUMBER(SEARCH("|"&S9&"|",'5_ACOMPANHAMENTO'!$AC$3:$AC$4922)))+((T9<>"")*ISNUMBER(SEARCH("|"&T9&"|",'5_ACOMPANHAMENTO'!$AC$3:$AC$4922)))+((U9<>"")*ISNUMBER(SEARCH("|"&U9&"|",'5_ACOMPANHAMENTO'!$AC$3:$AC$4922)))+((V9<>"")*ISNUMBER(SEARCH("|"&V9&"|",'5_ACOMPANHAMENTO'!$AC$3:$AC$4922)))+((W9<>"")*ISNUMBER(SEARCH("|"&W9&"|",'5_ACOMPANHAMENTO'!$AC$3:$AC$4922)))+((X9<>"")*ISNUMBER(SEARCH("|"&X9&"|",'5_ACOMPANHAMENTO'!$AC$3:$AC$4922)))+((Y9<>"")*ISNUMBER(SEARCH("|"&Y9&"|",'5_ACOMPANHAMENTO'!$AC$3:$AC$4922)))+((Z9<>"")*ISNUMBER(SEARCH("|"&Z9&"|",'5_ACOMPANHAMENTO'!$AC$3:$AC$4922)))+((AA9<>"")*ISNUMBER(SEARCH("|"&AA9&"|",'5_ACOMPANHAMENTO'!$AC$3:$AC$4922)))+((AB9<>"")*ISNUMBER(SEARCH("|"&AB9&"|",'5_ACOMPANHAMENTO'!$AC$3:$AC$4922))))>0),0),0)),"")) | B9: 10176 | C9: MONTAGEM DE TAMPOS | D9: =IF(OR($B9="",$C9=""),"",IFERROR(SUMPRODUCT(--(('5_ACOMPANHAMENTO'!$AD$3:$AD$4922=TRIM($C9&""))*('5_ACOMPANHAMENTO'!$AC$3:$AC$4922<>"")*((((I9<>"")*ISNUMBER(SEARCH("|"&I9&"|",'5_ACOMPANHAMENTO'!$AC$3:$AC$4922)))+((J9<>"")*ISNUMBER(SEARCH("|"&J9&"|",'5_ACOMPANHAMENTO'!$AC$3:$AC$4922)))+((K9<>"")*ISNUMBER(SEARCH("|"&K9&"|",'5_ACOMPANHAMENTO'!$AC$3:$AC$4922)))+((L9<>"")*ISNUMBER(SEARCH("|"&L9&"|",'5_ACOMPANHAMENTO'!$AC$3:$AC$4922)))+((M9<>"")*ISNUMBER(SEARCH("|"&M9&"|",'5_ACOMPANHAMENTO'!$AC$3:$AC$4922)))+((N9<>"")*ISNUMBER(SEARCH("|"&N9&"|",'5_ACOMPANHAMENTO'!$AC$3:$AC$4922)))+((O9<>"")*ISNUMBER(SEARCH("|"&O9&"|",'5_ACOMPANHAMENTO'!$AC$3:$AC$4922)))+((P9<>"")*ISNUMBER(SEARCH("|"&P9&"|",'5_ACOMPANHAMENTO'!$AC$3:$AC$4922)))+((Q9<>"")*ISNUMBER(SEARCH("|"&Q9&"|",'5_ACOMPANHAMENTO'!$AC$3:$AC$4922)))+((R9<>"")*ISNUMBER(SEARCH("|"&R9&"|",'5_ACOMPANHAMENTO'!$AC$3:$AC$4922)))+((S9<>"")*ISNUMBER(SEARCH("|"&S9&"|",'5_ACOMPANHAMENTO'!$AC$3:$AC$4922)))+((T9<>"")*ISNUMBER(SEARCH("|"&T9&"|",'5_ACOMPANHAMENTO'!$AC$3:$AC$4922)))+((U9<>"")*ISNUMBER(SEARCH("|"&U9&"|",'5_ACOMPANHAMENTO'!$AC$3:$AC$4922)))+((V9<>"")*ISNUMBER(SEARCH("|"&V9&"|",'5_ACOMPANHAMENTO'!$AC$3:$AC$4922)))+((W9<>"")*ISNUMBER(SEARCH("|"&W9&"|",'5_ACOMPANHAMENTO'!$AC$3:$AC$4922)))+((X9<>"")*ISNUMBER(SEARCH("|"&X9&"|",'5_ACOMPANHAMENTO'!$AC$3:$AC$4922)))+((Y9<>"")*ISNUMBER(SEARCH("|"&Y9&"|",'5_ACOMPANHAMENTO'!$AC$3:$AC$4922)))+((Z9<>"")*ISNUMBER(SEARCH("|"&Z9&"|",'5_ACOMPANHAMENTO'!$AC$3:$AC$4922)))+((AA9<>"")*ISNUMBER(SEARCH("|"&AA9&"|",'5_ACOMPANHAMENTO'!$AC$3:$AC$4922)))+((AB9<>"")*ISNUMBER(SEARCH("|"&AB9&"|",'5_ACOMPANHAMENTO'!$AC$3:$AC$4922))))>0)),'5_ACOMPANHAMENTO'!$J$3:$J$4922),0)) | E9: =IF(G9=0,"FINALIZADO",IF(TODAY()>A9,"ATRASADO "&TODAY()-A9&" DIAS","ADIANTADO "&A9-TODAY()&" DIAS")) | F9: =IF(OR($B9="",$C9=""),"",IFERROR(SUMPRODUCT(--(('5_ACOMPANHAMENTO'!$AD$3:$AD$4922=TRIM($C9&""))*('5_ACOMPANHAMENTO'!$AC$3:$AC$4922<>"")*((((I9<>"")*ISNUMBER(SEARCH("|"&I9&"|",'5_ACOMPANHAMENTO'!$AC$3:$AC$4922)))+((J9<>"")*ISNUMBER(SEARCH("|"&J9&"|",'5_ACOMPANHAMENTO'!$AC$3:$AC$4922)))+((K9<>"")*ISNUMBER(SEARCH("|"&K9&"|",'5_ACOMPANHAMENTO'!$AC$3:$AC$4922)))+((L9<>"")*ISNUMBER(SEARCH("|"&L9&"|",'5_ACOMPANHAMENTO'!$AC$3:$AC$4922)))+((M9<>"")*ISNUMBER(SEARCH("|"&M9&"|",'5_ACOMPANHAMENTO'!$AC$3:$AC$4922)))+((N9<>"")*ISNUMBER(SEARCH("|"&N9&"|",'5_ACOMPANHAMENTO'!$AC$3:$AC$4922)))+((O9<>"")*ISNUMBER(SEARCH("|"&O9&"|",'5_ACOMPANHAMENTO'!$AC$3:$AC$4922)))+((P9<>"")*ISNUMBER(SEARCH("|"&P9&"|",'5_ACOMPANHAMENTO'!$AC$3:$AC$4922)))+((Q9<>"")*ISNUMBER(SEARCH("|"&Q9&"|",'5_ACOMPANHAMENTO'!$AC$3:$AC$4922)))+((R9<>"")*ISNUMBER(SEARCH("|"&R9&"|",'5_ACOMPANHAMENTO'!$AC$3:$AC$4922)))+((S9<>"")*ISNUMBER(SEARCH("|"&S9&"|",'5_ACOMPANHAMENTO'!$AC$3:$AC$4922)))+((T9<>"")*ISNUMBER(SEARCH("|"&T9&"|",'5_ACOMPANHAMENTO'!$AC$3:$AC$4922)))+((U9<>"")*ISNUMBER(SEARCH("|"&U9&"|",'5_ACOMPANHAMENTO'!$AC$3:$AC$4922)))+((V9<>"")*ISNUMBER(SEARCH("|"&V9&"|",'5_ACOMPANHAMENTO'!$AC$3:$AC$4922)))+((W9<>"")*ISNUMBER(SEARCH("|"&W9&"|",'5_ACOMPANHAMENTO'!$AC$3:$AC$4922)))+((X9<>"")*ISNUMBER(SEARCH("|"&X9&"|",'5_ACOMPANHAMENTO'!$AC$3:$AC$4922)))+((Y9<>"")*ISNUMBER(SEARCH("|"&Y9&"|",'5_ACOMPANHAMENTO'!$AC$3:$AC$4922)))+((Z9<>"")*ISNUMBER(SEARCH("|"&Z9&"|",'5_ACOMPANHAMENTO'!$AC$3:$AC$4922)))+((AA9<>"")*ISNUMBER(SEARCH("|"&AA9&"|",'5_ACOMPANHAMENTO'!$AC$3:$AC$4922)))+((AB9<>"")*ISNUMBER(SEARCH("|"&AB9&"|",'5_ACOMPANHAMENTO'!$AC$3:$AC$4922))))>0)),'5_ACOMPANHAMENTO'!$O$3:$O$4922),0)) | G9: =IF(OR($B9="",$C9=""),"",D9-F9) | H9: =IF(OR($B9="",$C9=""),"",TRIM($B9&"")&"|"&TRIM($C9&"")) | I9: =IF($B9="","",TRIM(MID(SUBSTITUTE(TRIM(SUBSTITUTE(SUBSTITUTE(SUBSTITUTE(SUBSTITUTE(SUBSTITUTE(SUBSTITUTE(SUBSTITUTE(SUBSTITUTE(SUBSTITUTE(SUBSTITUTE(SUBSTITUTE(SUBSTITUTE(SUBSTITUTE(SUBSTITUTE(TRIM($B9&""),CHAR(10)," "),CHAR(13)," "),"."," "),";"," "),","," "),"/"," "),"+"," "),"-"," ")," "," ")," "," ")," "," ")," "," ")," "," ")," "," "))," ",REPT(" ",99)),1,99))) | J9: =IF($B9="","",TRIM(MID(SUBSTITUTE(TRIM(SUBSTITUTE(SUBSTITUTE(SUBSTITUTE(SUBSTITUTE(SUBSTITUTE(SUBSTITUTE(SUBSTITUTE(SUBSTITUTE(SUBSTITUTE(SUBSTITUTE(SUBSTITUTE(SUBSTITUTE(SUBSTITUTE(SUBSTITUTE(TRIM($B9&""),CHAR(10)," "),CHAR(13)," "),"."," "),";"," "),","," "),"/"," "),"+"," "),"-"," ")," "," ")," "," ")," "," ")," "," ")," "," ")," "," "))," ",REPT(" ",99)),100,99))) | K9: =IF($B9="","",TRIM(MID(SUBSTITUTE(TRIM(SUBSTITUTE(SUBSTITUTE(SUBSTITUTE(SUBSTITUTE(SUBSTITUTE(SUBSTITUTE(SUBSTITUTE(SUBSTITUTE(SUBSTITUTE(SUBSTITUTE(SUBSTITUTE(SUBSTITUTE(SUBSTITUTE(SUBSTITUTE(TRIM($B9&""),CHAR(10)," "),CHAR(13)," "),"."," "),";"," "),","," "),"/"," "),"+"," "),"-"," ")," "," ")," "," ")," "," ")," "," ")," "," ")," "," "))," ",REPT(" ",99)),199,99))) | L9: =IF($B9="","",TRIM(MID(SUBSTITUTE(TRIM(SUBSTITUTE(SUBSTITUTE(SUBSTITUTE(SUBSTITUTE(SUBSTITUTE(SUBSTITUTE(SUBSTITUTE(SUBSTITUTE(SUBSTITUTE(SUBSTITUTE(SUBSTITUTE(SUBSTITUTE(SUBSTITUTE(SUBSTITUTE(TRIM($B9&""),CHAR(10)," "),CHAR(13)," "),"."," "),";"," "),","," "),"/"," "),"+"," "),"-"," ")," "," ")," "," ")," "," ")," "," ")," "," ")," "," "))," ",REPT(" ",99)),298,99))) | M9: =IF($B9="","",TRIM(MID(SUBSTITUTE(TRIM(SUBSTITUTE(SUBSTITUTE(SUBSTITUTE(SUBSTITUTE(SUBSTITUTE(SUBSTITUTE(SUBSTITUTE(SUBSTITUTE(SUBSTITUTE(SUBSTITUTE(SUBSTITUTE(SUBSTITUTE(SUBSTITUTE(SUBSTITUTE(TRIM($B9&""),CHAR(10)," "),CHAR(13)," "),"."," "),";"," "),","," "),"/"," "),"+"," "),"-"," ")," "," ")," "," ")," "," ")," "," ")," "," ")," "," "))," ",REPT(" ",99)),397,99))) | N9: =IF($B9="","",TRIM(MID(SUBSTITUTE(TRIM(SUBSTITUTE(SUBSTITUTE(SUBSTITUTE(SUBSTITUTE(SUBSTITUTE(SUBSTITUTE(SUBSTITUTE(SUBSTITUTE(SUBSTITUTE(SUBSTITUTE(SUBSTITUTE(SUBSTITUTE(SUBSTITUTE(SUBSTITUTE(TRIM($B9&""),CHAR(10)," "),CHAR(13)," "),"."," "),";"," "),","," "),"/"," "),"+"," "),"-"," ")," "," ")," "," ")," "," ")," "," ")," "," ")," "," "))," ",REPT(" ",99)),496,99))) | O9: =IF($B9="","",TRIM(MID(SUBSTITUTE(TRIM(SUBSTITUTE(SUBSTITUTE(SUBSTITUTE(SUBSTITUTE(SUBSTITUTE(SUBSTITUTE(SUBSTITUTE(SUBSTITUTE(SUBSTITUTE(SUBSTITUTE(SUBSTITUTE(SUBSTITUTE(SUBSTITUTE(SUBSTITUTE(TRIM($B9&""),CHAR(10)," "),CHAR(13)," "),"."," "),";"," "),","," "),"/"," "),"+"," "),"-"," ")," "," ")," "," ")," "," ")," "," ")," "," ")," "," "))," ",REPT(" ",99)),595,99))) | P9: =IF($B9="","",TRIM(MID(SUBSTITUTE(TRIM(SUBSTITUTE(SUBSTITUTE(SUBSTITUTE(SUBSTITUTE(SUBSTITUTE(SUBSTITUTE(SUBSTITUTE(SUBSTITUTE(SUBSTITUTE(SUBSTITUTE(SUBSTITUTE(SUBSTITUTE(SUBSTITUTE(SUBSTITUTE(TRIM($B9&""),CHAR(10)," "),CHAR(13)," "),"."," "),";"," "),","," "),"/"," "),"+"," "),"-"," ")," "," ")," "," ")," "," ")," "," ")," "," ")," "," "))," ",REPT(" ",99)),694,99))) | Q9: =IF($B9="","",TRIM(MID(SUBSTITUTE(TRIM(SUBSTITUTE(SUBSTITUTE(SUBSTITUTE(SUBSTITUTE(SUBSTITUTE(SUBSTITUTE(SUBSTITUTE(SUBSTITUTE(SUBSTITUTE(SUBSTITUTE(SUBSTITUTE(SUBSTITUTE(SUBSTITUTE(SUBSTITUTE(TRIM($B9&""),CHAR(10)," "),CHAR(13)," "),"."," "),";"," "),","," "),"/"," "),"+"," "),"-"," ")," "," ")," "," ")," "," ")," "," ")," "," ")," "," "))," ",REPT(" ",99)),793,99))) | R9: =IF($B9="","",TRIM(MID(SUBSTITUTE(TRIM(SUBSTITUTE(SUBSTITUTE(SUBSTITUTE(SUBSTITUTE(SUBSTITUTE(SUBSTITUTE(SUBSTITUTE(SUBSTITUTE(SUBSTITUTE(SUBSTITUTE(SUBSTITUTE(SUBSTITUTE(SUBSTITUTE(SUBSTITUTE(TRIM($B9&""),CHAR(10)," "),CHAR(13)," "),"."," "),";"," "),","," "),"/"," "),"+"," "),"-"," ")," "," ")," "," ")," "," ")," "," ")," "," ")," "," "))," ",REPT(" ",99)),892,99))) | S9: =IF($B9="","",TRIM(MID(SUBSTITUTE(TRIM(SUBSTITUTE(SUBSTITUTE(SUBSTITUTE(SUBSTITUTE(SUBSTITUTE(SUBSTITUTE(SUBSTITUTE(SUBSTITUTE(SUBSTITUTE(SUBSTITUTE(SUBSTITUTE(SUBSTITUTE(SUBSTITUTE(SUBSTITUTE(TRIM($B9&""),CHAR(10)," "),CHAR(13)," "),"."," "),";"," "),","," "),"/"," "),"+"," "),"-"," ")," "," ")," "," ")," "," ")," "," ")," "," ")," "," "))," ",REPT(" ",99)),991,99))) | T9: =IF($B9="","",TRIM(MID(SUBSTITUTE(TRIM(SUBSTITUTE(SUBSTITUTE(SUBSTITUTE(SUBSTITUTE(SUBSTITUTE(SUBSTITUTE(SUBSTITUTE(SUBSTITUTE(SUBSTITUTE(SUBSTITUTE(SUBSTITUTE(SUBSTITUTE(SUBSTITUTE(SUBSTITUTE(TRIM($B9&""),CHAR(10)," "),CHAR(13)," "),"."," "),";"," "),","," "),"/"," "),"+"," "),"-"," ")," "," ")," "," ")," "," ")," "," ")," "," ")," "," "))," ",REPT(" ",99)),1090,99))) | U9: =IF($B9="","",TRIM(MID(SUBSTITUTE(TRIM(SUBSTITUTE(SUBSTITUTE(SUBSTITUTE(SUBSTITUTE(SUBSTITUTE(SUBSTITUTE(SUBSTITUTE(SUBSTITUTE(SUBSTITUTE(SUBSTITUTE(SUBSTITUTE(SUBSTITUTE(SUBSTITUTE(SUBSTITUTE(TRIM($B9&""),CHAR(10)," "),CHAR(13)," "),"."," "),";"," "),","," "),"/"," "),"+"," "),"-"," ")," "," ")," "," ")," "," ")," "," ")," "," ")," "," "))," ",REPT(" ",99)),1189,99))) | V9: =IF($B9="","",TRIM(MID(SUBSTITUTE(TRIM(SUBSTITUTE(SUBSTITUTE(SUBSTITUTE(SUBSTITUTE(SUBSTITUTE(SUBSTITUTE(SUBSTITUTE(SUBSTITUTE(SUBSTITUTE(SUBSTITUTE(SUBSTITUTE(SUBSTITUTE(SUBSTITUTE(SUBSTITUTE(TRIM($B9&""),CHAR(10)," "),CHAR(13)," "),"."," "),";"," "),","," "),"/"," "),"+"," "),"-"," ")," "," ")," "," ")," "," ")," "," ")," "," ")," "," "))," ",REPT(" ",99)),1288,99))) | W9: =IF($B9="","",TRIM(MID(SUBSTITUTE(TRIM(SUBSTITUTE(SUBSTITUTE(SUBSTITUTE(SUBSTITUTE(SUBSTITUTE(SUBSTITUTE(SUBSTITUTE(SUBSTITUTE(SUBSTITUTE(SUBSTITUTE(SUBSTITUTE(SUBSTITUTE(SUBSTITUTE(SUBSTITUTE(TRIM($B9&""),CHAR(10)," "),CHAR(13)," "),"."," "),";"," "),","," "),"/"," "),"+"," "),"-"," ")," "," ")," "," ")," "," ")," "," ")," "," ")," "," "))," ",REPT(" ",99)),1387,99))) | X9: =IF($B9="","",TRIM(MID(SUBSTITUTE(TRIM(SUBSTITUTE(SUBSTITUTE(SUBSTITUTE(SUBSTITUTE(SUBSTITUTE(SUBSTITUTE(SUBSTITUTE(SUBSTITUTE(SUBSTITUTE(SUBSTITUTE(SUBSTITUTE(SUBSTITUTE(SUBSTITUTE(SUBSTITUTE(TRIM($B9&""),CHAR(10)," "),CHAR(13)," "),"."," "),";"," "),","," "),"/"," "),"+"," "),"-"," ")," "," ")," "," ")," "," ")," "," ")," "," ")," "," "))," ",REPT(" ",99)),1486,99))) | Y9: =IF($B9="","",TRIM(MID(SUBSTITUTE(TRIM(SUBSTITUTE(SUBSTITUTE(SUBSTITUTE(SUBSTITUTE(SUBSTITUTE(SUBSTITUTE(SUBSTITUTE(SUBSTITUTE(SUBSTITUTE(SUBSTITUTE(SUBSTITUTE(SUBSTITUTE(SUBSTITUTE(SUBSTITUTE(TRIM($B9&""),CHAR(10)," "),CHAR(13)," "),"."," "),";"," "),","," "),"/"," "),"+"," "),"-"," ")," "," ")," "," ")," "," ")," "," ")," "," ")," "," "))," ",REPT(" ",99)),1585,99))) | Z9: =IF($B9="","",TRIM(MID(SUBSTITUTE(TRIM(SUBSTITUTE(SUBSTITUTE(SUBSTITUTE(SUBSTITUTE(SUBSTITUTE(SUBSTITUTE(SUBSTITUTE(SUBSTITUTE(SUBSTITUTE(SUBSTITUTE(SUBSTITUTE(SUBSTITUTE(SUBSTITUTE(SUBSTITUTE(TRIM($B9&""),CHAR(10)," "),CHAR(13)," "),"."," "),";"," "),","," "),"/"," "),"+"," "),"-"," ")," "," ")," "," ")," "," ")," "," ")," "," ")," "," "))," ",REPT(" ",99)),1684,99))) | AA9: =IF($B9="","",TRIM(MID(SUBSTITUTE(TRIM(SUBSTITUTE(SUBSTITUTE(SUBSTITUTE(SUBSTITUTE(SUBSTITUTE(SUBSTITUTE(SUBSTITUTE(SUBSTITUTE(SUBSTITUTE(SUBSTITUTE(SUBSTITUTE(SUBSTITUTE(SUBSTITUTE(SUBSTITUTE(TRIM($B9&""),CHAR(10)," "),CHAR(13)," "),"."," "),";"," "),","," "),"/"," "),"+"," "),"-"," ")," "," ")," "," ")," "," ")," "," ")," "," ")," "," "))," ",REPT(" ",99)),1783,99))) | AB9: =IF($B9="","",TRIM(MID(SUBSTITUTE(TRIM(SUBSTITUTE(SUBSTITUTE(SUBSTITUTE(SUBSTITUTE(SUBSTITUTE(SUBSTITUTE(SUBSTITUTE(SUBSTITUTE(SUBSTITUTE(SUBSTITUTE(SUBSTITUTE(SUBSTITUTE(SUBSTITUTE(SUBSTITUTE(TRIM($B9&""),CHAR(10)," "),CHAR(13)," "),"."," "),";"," "),","," "),"/"," "),"+"," "),"-"," ")," "," ")," "," ")," "," ")," "," ")," "," ")," "," "))," ",REPT(" ",99)),1882,99)))
A10: =IF(OR($B10="",$C10=""),"",IFERROR(INDEX('5_ACOMPANHAMENTO'!$A$3:$A$4922,MATCH(1,INDEX(('5_ACOMPANHAMENTO'!$AD$3:$AD$4922=TRIM($C10&""))*('5_ACOMPANHAMENTO'!$AC$3:$AC$4922<>"")*((((I10<>"")*ISNUMBER(SEARCH("|"&I10&"|",'5_ACOMPANHAMENTO'!$AC$3:$AC$4922)))+((J10<>"")*ISNUMBER(SEARCH("|"&J10&"|",'5_ACOMPANHAMENTO'!$AC$3:$AC$4922)))+((K10<>"")*ISNUMBER(SEARCH("|"&K10&"|",'5_ACOMPANHAMENTO'!$AC$3:$AC$4922)))+((L10<>"")*ISNUMBER(SEARCH("|"&L10&"|",'5_ACOMPANHAMENTO'!$AC$3:$AC$4922)))+((M10<>"")*ISNUMBER(SEARCH("|"&M10&"|",'5_ACOMPANHAMENTO'!$AC$3:$AC$4922)))+((N10<>"")*ISNUMBER(SEARCH("|"&N10&"|",'5_ACOMPANHAMENTO'!$AC$3:$AC$4922)))+((O10<>"")*ISNUMBER(SEARCH("|"&O10&"|",'5_ACOMPANHAMENTO'!$AC$3:$AC$4922)))+((P10<>"")*ISNUMBER(SEARCH("|"&P10&"|",'5_ACOMPANHAMENTO'!$AC$3:$AC$4922)))+((Q10<>"")*ISNUMBER(SEARCH("|"&Q10&"|",'5_ACOMPANHAMENTO'!$AC$3:$AC$4922)))+((R10<>"")*ISNUMBER(SEARCH("|"&R10&"|",'5_ACOMPANHAMENTO'!$AC$3:$AC$4922)))+((S10<>"")*ISNUMBER(SEARCH("|"&S10&"|",'5_ACOMPANHAMENTO'!$AC$3:$AC$4922)))+((T10<>"")*ISNUMBER(SEARCH("|"&T10&"|",'5_ACOMPANHAMENTO'!$AC$3:$AC$4922)))+((U10<>"")*ISNUMBER(SEARCH("|"&U10&"|",'5_ACOMPANHAMENTO'!$AC$3:$AC$4922)))+((V10<>"")*ISNUMBER(SEARCH("|"&V10&"|",'5_ACOMPANHAMENTO'!$AC$3:$AC$4922)))+((W10<>"")*ISNUMBER(SEARCH("|"&W10&"|",'5_ACOMPANHAMENTO'!$AC$3:$AC$4922)))+((X10<>"")*ISNUMBER(SEARCH("|"&X10&"|",'5_ACOMPANHAMENTO'!$AC$3:$AC$4922)))+((Y10<>"")*ISNUMBER(SEARCH("|"&Y10&"|",'5_ACOMPANHAMENTO'!$AC$3:$AC$4922)))+((Z10<>"")*ISNUMBER(SEARCH("|"&Z10&"|",'5_ACOMPANHAMENTO'!$AC$3:$AC$4922)))+((AA10<>"")*ISNUMBER(SEARCH("|"&AA10&"|",'5_ACOMPANHAMENTO'!$AC$3:$AC$4922)))+((AB10<>"")*ISNUMBER(SEARCH("|"&AB10&"|",'5_ACOMPANHAMENTO'!$AC$3:$AC$4922))))>0),0),0)),"")) | B10: 10176 | C10: PU | D10: =IF(OR($B10="",$C10=""),"",IFERROR(SUMPRODUCT(--(('5_ACOMPANHAMENTO'!$AD$3:$AD$4922=TRIM($C10&""))*('5_ACOMPANHAMENTO'!$AC$3:$AC$4922<>"")*((((I10<>"")*ISNUMBER(SEARCH("|"&I10&"|",'5_ACOMPANHAMENTO'!$AC$3:$AC$4922)))+((J10<>"")*ISNUMBER(SEARCH("|"&J10&"|",'5_ACOMPANHAMENTO'!$AC$3:$AC$4922)))+((K10<>"")*ISNUMBER(SEARCH("|"&K10&"|",'5_ACOMPANHAMENTO'!$AC$3:$AC$4922)))+((L10<>"")*ISNUMBER(SEARCH("|"&L10&"|",'5_ACOMPANHAMENTO'!$AC$3:$AC$4922)))+((M10<>"")*ISNUMBER(SEARCH("|"&M10&"|",'5_ACOMPANHAMENTO'!$AC$3:$AC$4922)))+((N10<>"")*ISNUMBER(SEARCH("|"&N10&"|",'5_ACOMPANHAMENTO'!$AC$3:$AC$4922)))+((O10<>"")*ISNUMBER(SEARCH("|"&O10&"|",'5_ACOMPANHAMENTO'!$AC$3:$AC$4922)))+((P10<>"")*ISNUMBER(SEARCH("|"&P10&"|",'5_ACOMPANHAMENTO'!$AC$3:$AC$4922)))+((Q10<>"")*ISNUMBER(SEARCH("|"&Q10&"|",'5_ACOMPANHAMENTO'!$AC$3:$AC$4922)))+((R10<>"")*ISNUMBER(SEARCH("|"&R10&"|",'5_ACOMPANHAMENTO'!$AC$3:$AC$4922)))+((S10<>"")*ISNUMBER(SEARCH("|"&S10&"|",'5_ACOMPANHAMENTO'!$AC$3:$AC$4922)))+((T10<>"")*ISNUMBER(SEARCH("|"&T10&"|",'5_ACOMPANHAMENTO'!$AC$3:$AC$4922)))+((U10<>"")*ISNUMBER(SEARCH("|"&U10&"|",'5_ACOMPANHAMENTO'!$AC$3:$AC$4922)))+((V10<>"")*ISNUMBER(SEARCH("|"&V10&"|",'5_ACOMPANHAMENTO'!$AC$3:$AC$4922)))+((W10<>"")*ISNUMBER(SEARCH("|"&W10&"|",'5_ACOMPANHAMENTO'!$AC$3:$AC$4922)))+((X10<>"")*ISNUMBER(SEARCH("|"&X10&"|",'5_ACOMPANHAMENTO'!$AC$3:$AC$4922)))+((Y10<>"")*ISNUMBER(SEARCH("|"&Y10&"|",'5_ACOMPANHAMENTO'!$AC$3:$AC$4922)))+((Z10<>"")*ISNUMBER(SEARCH("|"&Z10&"|",'5_ACOMPANHAMENTO'!$AC$3:$AC$4922)))+((AA10<>"")*ISNUMBER(SEARCH("|"&AA10&"|",'5_ACOMPANHAMENTO'!$AC$3:$AC$4922)))+((AB10<>"")*ISNUMBER(SEARCH("|"&AB10&"|",'5_ACOMPANHAMENTO'!$AC$3:$AC$4922))))>0)),'5_ACOMPANHAMENTO'!$J$3:$J$4922),0)) | E10: =IF(G10=0,"FINALIZADO",IF(TODAY()>A10,"ATRASADO "&TODAY()-A10&" DIAS","ADIANTADO "&A10-TODAY()&" DIAS")) | F10: =IF(OR($B10="",$C10=""),"",IFERROR(SUMPRODUCT(--(('5_ACOMPANHAMENTO'!$AD$3:$AD$4922=TRIM($C10&""))*('5_ACOMPANHAMENTO'!$AC$3:$AC$4922<>"")*((((I10<>"")*ISNUMBER(SEARCH("|"&I10&"|",'5_ACOMPANHAMENTO'!$AC$3:$AC$4922)))+((J10<>"")*ISNUMBER(SEARCH("|"&J10&"|",'5_ACOMPANHAMENTO'!$AC$3:$AC$4922)))+((K10<>"")*ISNUMBER(SEARCH("|"&K10&"|",'5_ACOMPANHAMENTO'!$AC$3:$AC$4922)))+((L10<>"")*ISNUMBER(SEARCH("|"&L10&"|",'5_ACOMPANHAMENTO'!$AC$3:$AC$4922)))+((M10<>"")*ISNUMBER(SEARCH("|"&M10&"|",'5_ACOMPANHAMENTO'!$AC$3:$AC$4922)))+((N10<>"")*ISNUMBER(SEARCH("|"&N10&"|",'5_ACOMPANHAMENTO'!$AC$3:$AC$4922)))+((O10<>"")*ISNUMBER(SEARCH("|"&O10&"|",'5_ACOMPANHAMENTO'!$AC$3:$AC$4922)))+((P10<>"")*ISNUMBER(SEARCH("|"&P10&"|",'5_ACOMPANHAMENTO'!$AC$3:$AC$4922)))+((Q10<>"")*ISNUMBER(SEARCH("|"&Q10&"|",'5_ACOMPANHAMENTO'!$AC$3:$AC$4922)))+((R10<>"")*ISNUMBER(SEARCH("|"&R10&"|",'5_ACOMPANHAMENTO'!$AC$3:$AC$4922)))+((S10<>"")*ISNUMBER(SEARCH("|"&S10&"|",'5_ACOMPANHAMENTO'!$AC$3:$AC$4922)))+((T10<>"")*ISNUMBER(SEARCH("|"&T10&"|",'5_ACOMPANHAMENTO'!$AC$3:$AC$4922)))+((U10<>"")*ISNUMBER(SEARCH("|"&U10&"|",'5_ACOMPANHAMENTO'!$AC$3:$AC$4922)))+((V10<>"")*ISNUMBER(SEARCH("|"&V10&"|",'5_ACOMPANHAMENTO'!$AC$3:$AC$4922)))+((W10<>"")*ISNUMBER(SEARCH("|"&W10&"|",'5_ACOMPANHAMENTO'!$AC$3:$AC$4922)))+((X10<>"")*ISNUMBER(SEARCH("|"&X10&"|",'5_ACOMPANHAMENTO'!$AC$3:$AC$4922)))+((Y10<>"")*ISNUMBER(SEARCH("|"&Y10&"|",'5_ACOMPANHAMENTO'!$AC$3:$AC$4922)))+((Z10<>"")*ISNUMBER(SEARCH("|"&Z10&"|",'5_ACOMPANHAMENTO'!$AC$3:$AC$4922)))+((AA10<>"")*ISNUMBER(SEARCH("|"&AA10&"|",'5_ACOMPANHAMENTO'!$AC$3:$AC$4922)))+((AB10<>"")*ISNUMBER(SEARCH("|"&AB10&"|",'5_ACOMPANHAMENTO'!$AC$3:$AC$4922))))>0)),'5_ACOMPANHAMENTO'!$O$3:$O$4922),0)) | G10: =IF(OR($B10="",$C10=""),"",D10-F10) | H10: =IF(OR($B10="",$C10=""),"",TRIM($B10&"")&"|"&TRIM($C10&"")) | I10: =IF($B10="","",TRIM(MID(SUBSTITUTE(TRIM(SUBSTITUTE(SUBSTITUTE(SUBSTITUTE(SUBSTITUTE(SUBSTITUTE(SUBSTITUTE(SUBSTITUTE(SUBSTITUTE(SUBSTITUTE(SUBSTITUTE(SUBSTITUTE(SUBSTITUTE(SUBSTITUTE(SUBSTITUTE(TRIM($B10&""),CHAR(10)," "),CHAR(13)," "),"."," "),";"," "),","," "),"/"," "),"+"," "),"-"," ")," "," ")," "," ")," "," ")," "," ")," "," ")," "," "))," ",REPT(" ",99)),1,99))) | J10: =IF($B10="","",TRIM(MID(SUBSTITUTE(TRIM(SUBSTITUTE(SUBSTITUTE(SUBSTITUTE(SUBSTITUTE(SUBSTITUTE(SUBSTITUTE(SUBSTITUTE(SUBSTITUTE(SUBSTITUTE(SUBSTITUTE(SUBSTITUTE(SUBSTITUTE(SUBSTITUTE(SUBSTITUTE(TRIM($B10&""),CHAR(10)," "),CHAR(13)," "),"."," "),";"," "),","," "),"/"," "),"+"," "),"-"," ")," "," ")," "," ")," "," ")," "," ")," "," ")," "," "))," ",REPT(" ",99)),100,99))) | K10: =IF($B10="","",TRIM(MID(SUBSTITUTE(TRIM(SUBSTITUTE(SUBSTITUTE(SUBSTITUTE(SUBSTITUTE(SUBSTITUTE(SUBSTITUTE(SUBSTITUTE(SUBSTITUTE(SUBSTITUTE(SUBSTITUTE(SUBSTITUTE(SUBSTITUTE(SUBSTITUTE(SUBSTITUTE(TRIM($B10&""),CHAR(10)," "),CHAR(13)," "),"."," "),";"," "),","," "),"/"," "),"+"," "),"-"," ")," "," ")," "," ")," "," ")," "," ")," "," ")," "," "))," ",REPT(" ",99)),199,99))) | L10: =IF($B10="","",TRIM(MID(SUBSTITUTE(TRIM(SUBSTITUTE(SUBSTITUTE(SUBSTITUTE(SUBSTITUTE(SUBSTITUTE(SUBSTITUTE(SUBSTITUTE(SUBSTITUTE(SUBSTITUTE(SUBSTITUTE(SUBSTITUTE(SUBSTITUTE(SUBSTITUTE(SUBSTITUTE(TRIM($B10&""),CHAR(10)," "),CHAR(13)," "),"."," "),";"," "),","," "),"/"," "),"+"," "),"-"," ")," "," ")," "," ")," "," ")," "," ")," "," ")," "," "))," ",REPT(" ",99)),298,99))) | M10: =IF($B10="","",TRIM(MID(SUBSTITUTE(TRIM(SUBSTITUTE(SUBSTITUTE(SUBSTITUTE(SUBSTITUTE(SUBSTITUTE(SUBSTITUTE(SUBSTITUTE(SUBSTITUTE(SUBSTITUTE(SUBSTITUTE(SUBSTITUTE(SUBSTITUTE(SUBSTITUTE(SUBSTITUTE(TRIM($B10&""),CHAR(10)," "),CHAR(13)," "),"."," "),";"," "),","," "),"/"," "),"+"," "),"-"," ")," "," ")," "," ")," "," ")," "," ")," "," ")," "," "))," ",REPT(" ",99)),397,99))) | N10: =IF($B10="","",TRIM(MID(SUBSTITUTE(TRIM(SUBSTITUTE(SUBSTITUTE(SUBSTITUTE(SUBSTITUTE(SUBSTITUTE(SUBSTITUTE(SUBSTITUTE(SUBSTITUTE(SUBSTITUTE(SUBSTITUTE(SUBSTITUTE(SUBSTITUTE(SUBSTITUTE(SUBSTITUTE(TRIM($B10&""),CHAR(10)," "),CHAR(13)," "),"."," "),";"," "),","," "),"/"," "),"+"," "),"-"," ")," "," ")," "," ")," "," ")," "," ")," "," ")," "," "))," ",REPT(" ",99)),496,99))) | O10: =IF($B10="","",TRIM(MID(SUBSTITUTE(TRIM(SUBSTITUTE(SUBSTITUTE(SUBSTITUTE(SUBSTITUTE(SUBSTITUTE(SUBSTITUTE(SUBSTITUTE(SUBSTITUTE(SUBSTITUTE(SUBSTITUTE(SUBSTITUTE(SUBSTITUTE(SUBSTITUTE(SUBSTITUTE(TRIM($B10&""),CHAR(10)," "),CHAR(13)," "),"."," "),";"," "),","," "),"/"," "),"+"," "),"-"," ")," "," ")," "," ")," "," ")," "," ")," "," ")," "," "))," ",REPT(" ",99)),595,99))) | P10: =IF($B10="","",TRIM(MID(SUBSTITUTE(TRIM(SUBSTITUTE(SUBSTITUTE(SUBSTITUTE(SUBSTITUTE(SUBSTITUTE(SUBSTITUTE(SUBSTITUTE(SUBSTITUTE(SUBSTITUTE(SUBSTITUTE(SUBSTITUTE(SUBSTITUTE(SUBSTITUTE(SUBSTITUTE(TRIM($B10&""),CHAR(10)," "),CHAR(13)," "),"."," "),";"," "),","," "),"/"," "),"+"," "),"-"," ")," "," ")," "," ")," "," ")," "," ")," "," ")," "," "))," ",REPT(" ",99)),694,99))) | Q10: =IF($B10="","",TRIM(MID(SUBSTITUTE(TRIM(SUBSTITUTE(SUBSTITUTE(SUBSTITUTE(SUBSTITUTE(SUBSTITUTE(SUBSTITUTE(SUBSTITUTE(SUBSTITUTE(SUBSTITUTE(SUBSTITUTE(SUBSTITUTE(SUBSTITUTE(SUBSTITUTE(SUBSTITUTE(TRIM($B10&""),CHAR(10)," "),CHAR(13)," "),"."," "),";"," "),","," "),"/"," "),"+"," "),"-"," ")," "," ")," "," ")," "," ")," "," ")," "," ")," "," "))," ",REPT(" ",99)),793,99))) | R10: =IF($B10="","",TRIM(MID(SUBSTITUTE(TRIM(SUBSTITUTE(SUBSTITUTE(SUBSTITUTE(SUBSTITUTE(SUBSTITUTE(SUBSTITUTE(SUBSTITUTE(SUBSTITUTE(SUBSTITUTE(SUBSTITUTE(SUBSTITUTE(SUBSTITUTE(SUBSTITUTE(SUBSTITUTE(TRIM($B10&""),CHAR(10)," "),CHAR(13)," "),"."," "),";"," "),","," "),"/"," "),"+"," "),"-"," ")," "," ")," "," ")," "," ")," "," ")," "," ")," "," "))," ",REPT(" ",99)),892,99))) | S10: =IF($B10="","",TRIM(MID(SUBSTITUTE(TRIM(SUBSTITUTE(SUBSTITUTE(SUBSTITUTE(SUBSTITUTE(SUBSTITUTE(SUBSTITUTE(SUBSTITUTE(SUBSTITUTE(SUBSTITUTE(SUBSTITUTE(SUBSTITUTE(SUBSTITUTE(SUBSTITUTE(SUBSTITUTE(TRIM($B10&""),CHAR(10)," "),CHAR(13)," "),"."," "),";"," "),","," "),"/"," "),"+"," "),"-"," ")," "," ")," "," ")," "," ")," "," ")," "," ")," "," "))," ",REPT(" ",99)),991,99))) | T10: =IF($B10="","",TRIM(MID(SUBSTITUTE(TRIM(SUBSTITUTE(SUBSTITUTE(SUBSTITUTE(SUBSTITUTE(SUBSTITUTE(SUBSTITUTE(SUBSTITUTE(SUBSTITUTE(SUBSTITUTE(SUBSTITUTE(SUBSTITUTE(SUBSTITUTE(SUBSTITUTE(SUBSTITUTE(TRIM($B10&""),CHAR(10)," "),CHAR(13)," "),"."," "),";"," "),","," "),"/"," "),"+"," "),"-"," ")," "," ")," "," ")," "," ")," "," ")," "," ")," "," "))," ",REPT(" ",99)),1090,99))) | U10: =IF($B10="","",TRIM(MID(SUBSTITUTE(TRIM(SUBSTITUTE(SUBSTITUTE(SUBSTITUTE(SUBSTITUTE(SUBSTITUTE(SUBSTITUTE(SUBSTITUTE(SUBSTITUTE(SUBSTITUTE(SUBSTITUTE(SUBSTITUTE(SUBSTITUTE(SUBSTITUTE(SUBSTITUTE(TRIM($B10&""),CHAR(10)," "),CHAR(13)," "),"."," "),";"," "),","," "),"/"," "),"+"," "),"-"," ")," "," ")," "," ")," "," ")," "," ")," "," ")," "," "))," ",REPT(" ",99)),1189,99))) | V10: =IF($B10="","",TRIM(MID(SUBSTITUTE(TRIM(SUBSTITUTE(SUBSTITUTE(SUBSTITUTE(SUBSTITUTE(SUBSTITUTE(SUBSTITUTE(SUBSTITUTE(SUBSTITUTE(SUBSTITUTE(SUBSTITUTE(SUBSTITUTE(SUBSTITUTE(SUBSTITUTE(SUBSTITUTE(TRIM($B10&""),CHAR(10)," "),CHAR(13)," "),"."," "),";"," "),","," "),"/"," "),"+"," "),"-"," ")," "," ")," "," ")," "," ")," "," ")," "," ")," "," "))," ",REPT(" ",99)),1288,99))) | W10: =IF($B10="","",TRIM(MID(SUBSTITUTE(TRIM(SUBSTITUTE(SUBSTITUTE(SUBSTITUTE(SUBSTITUTE(SUBSTITUTE(SUBSTITUTE(SUBSTITUTE(SUBSTITUTE(SUBSTITUTE(SUBSTITUTE(SUBSTITUTE(SUBSTITUTE(SUBSTITUTE(SUBSTITUTE(TRIM($B10&""),CHAR(10)," "),CHAR(13)," "),"."," "),";"," "),","," "),"/"," "),"+"," "),"-"," ")," "," ")," "," ")," "," ")," "," ")," "," ")," "," "))," ",REPT(" ",99)),1387,99))) | X10: =IF($B10="","",TRIM(MID(SUBSTITUTE(TRIM(SUBSTITUTE(SUBSTITUTE(SUBSTITUTE(SUBSTITUTE(SUBSTITUTE(SUBSTITUTE(SUBSTITUTE(SUBSTITUTE(SUBSTITUTE(SUBSTITUTE(SUBSTITUTE(SUBSTITUTE(SUBSTITUTE(SUBSTITUTE(TRIM($B10&""),CHAR(10)," "),CHAR(13)," "),"."," "),";"," "),","," "),"/"," "),"+"," "),"-"," ")," "," ")," "," ")," "," ")," "," ")," "," ")," "," "))," ",REPT(" ",99)),1486,99))) | Y10: =IF($B10="","",TRIM(MID(SUBSTITUTE(TRIM(SUBSTITUTE(SUBSTITUTE(SUBSTITUTE(SUBSTITUTE(SUBSTITUTE(SUBSTITUTE(SUBSTITUTE(SUBSTITUTE(SUBSTITUTE(SUBSTITUTE(SUBSTITUTE(SUBSTITUTE(SUBSTITUTE(SUBSTITUTE(TRIM($B10&""),CHAR(10)," "),CHAR(13)," "),"."," "),";"," "),","," "),"/"," "),"+"," "),"-"," ")," "," ")," "," ")," "," ")," "," ")," "," ")," "," "))," ",REPT(" ",99)),1585,99))) | Z10: =IF($B10="","",TRIM(MID(SUBSTITUTE(TRIM(SUBSTITUTE(SUBSTITUTE(SUBSTITUTE(SUBSTITUTE(SUBSTITUTE(SUBSTITUTE(SUBSTITUTE(SUBSTITUTE(SUBSTITUTE(SUBSTITUTE(SUBSTITUTE(SUBSTITUTE(SUBSTITUTE(SUBSTITUTE(TRIM($B10&""),CHAR(10)," "),CHAR(13)," "),"."," "),";"," "),","," "),"/"," "),"+"," "),"-"," ")," "," ")," "," ")," "," ")," "," ")," "," ")," "," "))," ",REPT(" ",99)),1684,99))) | AA10: =IF($B10="","",TRIM(MID(SUBSTITUTE(TRIM(SUBSTITUTE(SUBSTITUTE(SUBSTITUTE(SUBSTITUTE(SUBSTITUTE(SUBSTITUTE(SUBSTITUTE(SUBSTITUTE(SUBSTITUTE(SUBSTITUTE(SUBSTITUTE(SUBSTITUTE(SUBSTITUTE(SUBSTITUTE(TRIM($B10&""),CHAR(10)," "),CHAR(13)," "),"."," "),";"," "),","," "),"/"," "),"+"," "),"-"," ")," "," ")," "," ")," "," ")," "," ")," "," ")," "," "))," ",REPT(" ",99)),1783,99))) | AB10: =IF($B10="","",TRIM(MID(SUBSTITUTE(TRIM(SUBSTITUTE(SUBSTITUTE(SUBSTITUTE(SUBSTITUTE(SUBSTITUTE(SUBSTITUTE(SUBSTITUTE(SUBSTITUTE(SUBSTITUTE(SUBSTITUTE(SUBSTITUTE(SUBSTITUTE(SUBSTITUTE(SUBSTITUTE(TRIM($B10&""),CHAR(10)," "),CHAR(13)," "),"."," "),";"," "),","," "),"/"," "),"+"," "),"-"," ")," "," ")," "," ")," "," ")," "," ")," "," ")," "," "))," ",REPT(" ",99)),1882,99)))
A11: =IF(OR($B11="",$C11=""),"",IFERROR(INDEX('5_ACOMPANHAMENTO'!$A$3:$A$4922,MATCH(1,INDEX(('5_ACOMPANHAMENTO'!$AD$3:$AD$4922=TRIM($C11&""))*('5_ACOMPANHAMENTO'!$AC$3:$AC$4922<>"")*((((I11<>"")*ISNUMBER(SEARCH("|"&I11&"|",'5_ACOMPANHAMENTO'!$AC$3:$AC$4922)))+((J11<>"")*ISNUMBER(SEARCH("|"&J11&"|",'5_ACOMPANHAMENTO'!$AC$3:$AC$4922)))+((K11<>"")*ISNUMBER(SEARCH("|"&K11&"|",'5_ACOMPANHAMENTO'!$AC$3:$AC$4922)))+((L11<>"")*ISNUMBER(SEARCH("|"&L11&"|",'5_ACOMPANHAMENTO'!$AC$3:$AC$4922)))+((M11<>"")*ISNUMBER(SEARCH("|"&M11&"|",'5_ACOMPANHAMENTO'!$AC$3:$AC$4922)))+((N11<>"")*ISNUMBER(SEARCH("|"&N11&"|",'5_ACOMPANHAMENTO'!$AC$3:$AC$4922)))+((O11<>"")*ISNUMBER(SEARCH("|"&O11&"|",'5_ACOMPANHAMENTO'!$AC$3:$AC$4922)))+((P11<>"")*ISNUMBER(SEARCH("|"&P11&"|",'5_ACOMPANHAMENTO'!$AC$3:$AC$4922)))+((Q11<>"")*ISNUMBER(SEARCH("|"&Q11&"|",'5_ACOMPANHAMENTO'!$AC$3:$AC$4922)))+((R11<>"")*ISNUMBER(SEARCH("|"&R11&"|",'5_ACOMPANHAMENTO'!$AC$3:$AC$4922)))+((S11<>"")*ISNUMBER(SEARCH("|"&S11&"|",'5_ACOMPANHAMENTO'!$AC$3:$AC$4922)))+((T11<>"")*ISNUMBER(SEARCH("|"&T11&"|",'5_ACOMPANHAMENTO'!$AC$3:$AC$4922)))+((U11<>"")*ISNUMBER(SEARCH("|"&U11&"|",'5_ACOMPANHAMENTO'!$AC$3:$AC$4922)))+((V11<>"")*ISNUMBER(SEARCH("|"&V11&"|",'5_ACOMPANHAMENTO'!$AC$3:$AC$4922)))+((W11<>"")*ISNUMBER(SEARCH("|"&W11&"|",'5_ACOMPANHAMENTO'!$AC$3:$AC$4922)))+((X11<>"")*ISNUMBER(SEARCH("|"&X11&"|",'5_ACOMPANHAMENTO'!$AC$3:$AC$4922)))+((Y11<>"")*ISNUMBER(SEARCH("|"&Y11&"|",'5_ACOMPANHAMENTO'!$AC$3:$AC$4922)))+((Z11<>"")*ISNUMBER(SEARCH("|"&Z11&"|",'5_ACOMPANHAMENTO'!$AC$3:$AC$4922)))+((AA11<>"")*ISNUMBER(SEARCH("|"&AA11&"|",'5_ACOMPANHAMENTO'!$AC$3:$AC$4922)))+((AB11<>"")*ISNUMBER(SEARCH("|"&AB11&"|",'5_ACOMPANHAMENTO'!$AC$3:$AC$4922))))>0),0),0)),"")) | B11: 10176 | C11: FURADEIRA 20 | D11: =IF(OR($B11="",$C11=""),"",IFERROR(SUMPRODUCT(--(('5_ACOMPANHAMENTO'!$AD$3:$AD$4922=TRIM($C11&""))*('5_ACOMPANHAMENTO'!$AC$3:$AC$4922<>"")*((((I11<>"")*ISNUMBER(SEARCH("|"&I11&"|",'5_ACOMPANHAMENTO'!$AC$3:$AC$4922)))+((J11<>"")*ISNUMBER(SEARCH("|"&J11&"|",'5_ACOMPANHAMENTO'!$AC$3:$AC$4922)))+((K11<>"")*ISNUMBER(SEARCH("|"&K11&"|",'5_ACOMPANHAMENTO'!$AC$3:$AC$4922)))+((L11<>"")*ISNUMBER(SEARCH("|"&L11&"|",'5_ACOMPANHAMENTO'!$AC$3:$AC$4922)))+((M11<>"")*ISNUMBER(SEARCH("|"&M11&"|",'5_ACOMPANHAMENTO'!$AC$3:$AC$4922)))+((N11<>"")*ISNUMBER(SEARCH("|"&N11&"|",'5_ACOMPANHAMENTO'!$AC$3:$AC$4922)))+((O11<>"")*ISNUMBER(SEARCH("|"&O11&"|",'5_ACOMPANHAMENTO'!$AC$3:$AC$4922)))+((P11<>"")*ISNUMBER(SEARCH("|"&P11&"|",'5_ACOMPANHAMENTO'!$AC$3:$AC$4922)))+((Q11<>"")*ISNUMBER(SEARCH("|"&Q11&"|",'5_ACOMPANHAMENTO'!$AC$3:$AC$4922)))+((R11<>"")*ISNUMBER(SEARCH("|"&R11&"|",'5_ACOMPANHAMENTO'!$AC$3:$AC$4922)))+((S11<>"")*ISNUMBER(SEARCH("|"&S11&"|",'5_ACOMPANHAMENTO'!$AC$3:$AC$4922)))+((T11<>"")*ISNUMBER(SEARCH("|"&T11&"|",'5_ACOMPANHAMENTO'!$AC$3:$AC$4922)))+((U11<>"")*ISNUMBER(SEARCH("|"&U11&"|",'5_ACOMPANHAMENTO'!$AC$3:$AC$4922)))+((V11<>"")*ISNUMBER(SEARCH("|"&V11&"|",'5_ACOMPANHAMENTO'!$AC$3:$AC$4922)))+((W11<>"")*ISNUMBER(SEARCH("|"&W11&"|",'5_ACOMPANHAMENTO'!$AC$3:$AC$4922)))+((X11<>"")*ISNUMBER(SEARCH("|"&X11&"|",'5_ACOMPANHAMENTO'!$AC$3:$AC$4922)))+((Y11<>"")*ISNUMBER(SEARCH("|"&Y11&"|",'5_ACOMPANHAMENTO'!$AC$3:$AC$4922)))+((Z11<>"")*ISNUMBER(SEARCH("|"&Z11&"|",'5_ACOMPANHAMENTO'!$AC$3:$AC$4922)))+((AA11<>"")*ISNUMBER(SEARCH("|"&AA11&"|",'5_ACOMPANHAMENTO'!$AC$3:$AC$4922)))+((AB11<>"")*ISNUMBER(SEARCH("|"&AB11&"|",'5_ACOMPANHAMENTO'!$AC$3:$AC$4922))))>0)),'5_ACOMPANHAMENTO'!$J$3:$J$4922),0)) | E11: =IF(G11=0,"FINALIZADO",IF(TODAY()>A11,"ATRASADO "&TODAY()-A11&" DIAS","ADIANTADO "&A11-TODAY()&" DIAS")) | F11: =IF(OR($B11="",$C11=""),"",IFERROR(SUMPRODUCT(--(('5_ACOMPANHAMENTO'!$AD$3:$AD$4922=TRIM($C11&""))*('5_ACOMPANHAMENTO'!$AC$3:$AC$4922<>"")*((((I11<>"")*ISNUMBER(SEARCH("|"&I11&"|",'5_ACOMPANHAMENTO'!$AC$3:$AC$4922)))+((J11<>"")*ISNUMBER(SEARCH("|"&J11&"|",'5_ACOMPANHAMENTO'!$AC$3:$AC$4922)))+((K11<>"")*ISNUMBER(SEARCH("|"&K11&"|",'5_ACOMPANHAMENTO'!$AC$3:$AC$4922)))+((L11<>"")*ISNUMBER(SEARCH("|"&L11&"|",'5_ACOMPANHAMENTO'!$AC$3:$AC$4922)))+((M11<>"")*ISNUMBER(SEARCH("|"&M11&"|",'5_ACOMPANHAMENTO'!$AC$3:$AC$4922)))+((N11<>"")*ISNUMBER(SEARCH("|"&N11&"|",'5_ACOMPANHAMENTO'!$AC$3:$AC$4922)))+((O11<>"")*ISNUMBER(SEARCH("|"&O11&"|",'5_ACOMPANHAMENTO'!$AC$3:$AC$4922)))+((P11<>"")*ISNUMBER(SEARCH("|"&P11&"|",'5_ACOMPANHAMENTO'!$AC$3:$AC$4922)))+((Q11<>"")*ISNUMBER(SEARCH("|"&Q11&"|",'5_ACOMPANHAMENTO'!$AC$3:$AC$4922)))+((R11<>"")*ISNUMBER(SEARCH("|"&R11&"|",'5_ACOMPANHAMENTO'!$AC$3:$AC$4922)))+((S11<>"")*ISNUMBER(SEARCH("|"&S11&"|",'5_ACOMPANHAMENTO'!$AC$3:$AC$4922)))+((T11<>"")*ISNUMBER(SEARCH("|"&T11&"|",'5_ACOMPANHAMENTO'!$AC$3:$AC$4922)))+((U11<>"")*ISNUMBER(SEARCH("|"&U11&"|",'5_ACOMPANHAMENTO'!$AC$3:$AC$4922)))+((V11<>"")*ISNUMBER(SEARCH("|"&V11&"|",'5_ACOMPANHAMENTO'!$AC$3:$AC$4922)))+((W11<>"")*ISNUMBER(SEARCH("|"&W11&"|",'5_ACOMPANHAMENTO'!$AC$3:$AC$4922)))+((X11<>"")*ISNUMBER(SEARCH("|"&X11&"|",'5_ACOMPANHAMENTO'!$AC$3:$AC$4922)))+((Y11<>"")*ISNUMBER(SEARCH("|"&Y11&"|",'5_ACOMPANHAMENTO'!$AC$3:$AC$4922)))+((Z11<>"")*ISNUMBER(SEARCH("|"&Z11&"|",'5_ACOMPANHAMENTO'!$AC$3:$AC$4922)))+((AA11<>"")*ISNUMBER(SEARCH("|"&AA11&"|",'5_ACOMPANHAMENTO'!$AC$3:$AC$4922)))+((AB11<>"")*ISNUMBER(SEARCH("|"&AB11&"|",'5_ACOMPANHAMENTO'!$AC$3:$AC$4922))))>0)),'5_ACOMPANHAMENTO'!$O$3:$O$4922),0)) | G11: =IF(OR($B11="",$C11=""),"",D11-F11) | H11: =IF(OR($B11="",$C11=""),"",TRIM($B11&"")&"|"&TRIM($C11&"")) | I11: =IF($B11="","",TRIM(MID(SUBSTITUTE(TRIM(SUBSTITUTE(SUBSTITUTE(SUBSTITUTE(SUBSTITUTE(SUBSTITUTE(SUBSTITUTE(SUBSTITUTE(SUBSTITUTE(SUBSTITUTE(SUBSTITUTE(SUBSTITUTE(SUBSTITUTE(SUBSTITUTE(SUBSTITUTE(TRIM($B11&""),CHAR(10)," "),CHAR(13)," "),"."," "),";"," "),","," "),"/"," "),"+"," "),"-"," ")," "," ")," "," ")," "," ")," "," ")," "," ")," "," "))," ",REPT(" ",99)),1,99))) | J11: =IF($B11="","",TRIM(MID(SUBSTITUTE(TRIM(SUBSTITUTE(SUBSTITUTE(SUBSTITUTE(SUBSTITUTE(SUBSTITUTE(SUBSTITUTE(SUBSTITUTE(SUBSTITUTE(SUBSTITUTE(SUBSTITUTE(SUBSTITUTE(SUBSTITUTE(SUBSTITUTE(SUBSTITUTE(TRIM($B11&""),CHAR(10)," "),CHAR(13)," "),"."," "),";"," "),","," "),"/"," "),"+"," "),"-"," ")," "," ")," "," ")," "," ")," "," ")," "," ")," "," "))," ",REPT(" ",99)),100,99))) | K11: =IF($B11="","",TRIM(MID(SUBSTITUTE(TRIM(SUBSTITUTE(SUBSTITUTE(SUBSTITUTE(SUBSTITUTE(SUBSTITUTE(SUBSTITUTE(SUBSTITUTE(SUBSTITUTE(SUBSTITUTE(SUBSTITUTE(SUBSTITUTE(SUBSTITUTE(SUBSTITUTE(SUBSTITUTE(TRIM($B11&""),CHAR(10)," "),CHAR(13)," "),"."," "),";"," "),","," "),"/"," "),"+"," "),"-"," ")," "," ")," "," ")," "," ")," "," ")," "," ")," "," "))," ",REPT(" ",99)),199,99))) | L11: =IF($B11="","",TRIM(MID(SUBSTITUTE(TRIM(SUBSTITUTE(SUBSTITUTE(SUBSTITUTE(SUBSTITUTE(SUBSTITUTE(SUBSTITUTE(SUBSTITUTE(SUBSTITUTE(SUBSTITUTE(SUBSTITUTE(SUBSTITUTE(SUBSTITUTE(SUBSTITUTE(SUBSTITUTE(TRIM($B11&""),CHAR(10)," "),CHAR(13)," "),"."," "),";"," "),","," "),"/"," "),"+"," "),"-"," ")," "," ")," "," ")," "," ")," "," ")," "," ")," "," "))," ",REPT(" ",99)),298,99))) | M11: =IF($B11="","",TRIM(MID(SUBSTITUTE(TRIM(SUBSTITUTE(SUBSTITUTE(SUBSTITUTE(SUBSTITUTE(SUBSTITUTE(SUBSTITUTE(SUBSTITUTE(SUBSTITUTE(SUBSTITUTE(SUBSTITUTE(SUBSTITUTE(SUBSTITUTE(SUBSTITUTE(SUBSTITUTE(TRIM($B11&""),CHAR(10)," "),CHAR(13)," "),"."," "),";"," "),","," "),"/"," "),"+"," "),"-"," ")," "," ")," "," ")," "," ")," "," ")," "," ")," "," "))," ",REPT(" ",99)),397,99))) | N11: =IF($B11="","",TRIM(MID(SUBSTITUTE(TRIM(SUBSTITUTE(SUBSTITUTE(SUBSTITUTE(SUBSTITUTE(SUBSTITUTE(SUBSTITUTE(SUBSTITUTE(SUBSTITUTE(SUBSTITUTE(SUBSTITUTE(SUBSTITUTE(SUBSTITUTE(SUBSTITUTE(SUBSTITUTE(TRIM($B11&""),CHAR(10)," "),CHAR(13)," "),"."," "),";"," "),","," "),"/"," "),"+"," "),"-"," ")," "," ")," "," ")," "," ")," "," ")," "," ")," "," "))," ",REPT(" ",99)),496,99))) | O11: =IF($B11="","",TRIM(MID(SUBSTITUTE(TRIM(SUBSTITUTE(SUBSTITUTE(SUBSTITUTE(SUBSTITUTE(SUBSTITUTE(SUBSTITUTE(SUBSTITUTE(SUBSTITUTE(SUBSTITUTE(SUBSTITUTE(SUBSTITUTE(SUBSTITUTE(SUBSTITUTE(SUBSTITUTE(TRIM($B11&""),CHAR(10)," "),CHAR(13)," "),"."," "),";"," "),","," "),"/"," "),"+"," "),"-"," ")," "," ")," "," ")," "," ")," "," ")," "," ")," "," "))," ",REPT(" ",99)),595,99))) | P11: =IF($B11="","",TRIM(MID(SUBSTITUTE(TRIM(SUBSTITUTE(SUBSTITUTE(SUBSTITUTE(SUBSTITUTE(SUBSTITUTE(SUBSTITUTE(SUBSTITUTE(SUBSTITUTE(SUBSTITUTE(SUBSTITUTE(SUBSTITUTE(SUBSTITUTE(SUBSTITUTE(SUBSTITUTE(TRIM($B11&""),CHAR(10)," "),CHAR(13)," "),"."," "),";"," "),","," "),"/"," "),"+"," "),"-"," ")," "," ")," "," ")," "," ")," "," ")," "," ")," "," "))," ",REPT(" ",99)),694,99))) | Q11: =IF($B11="","",TRIM(MID(SUBSTITUTE(TRIM(SUBSTITUTE(SUBSTITUTE(SUBSTITUTE(SUBSTITUTE(SUBSTITUTE(SUBSTITUTE(SUBSTITUTE(SUBSTITUTE(SUBSTITUTE(SUBSTITUTE(SUBSTITUTE(SUBSTITUTE(SUBSTITUTE(SUBSTITUTE(TRIM($B11&""),CHAR(10)," "),CHAR(13)," "),"."," "),";"," "),","," "),"/"," "),"+"," "),"-"," ")," "," ")," "," ")," "," ")," "," ")," "," ")," "," "))," ",REPT(" ",99)),793,99))) | R11: =IF($B11="","",TRIM(MID(SUBSTITUTE(TRIM(SUBSTITUTE(SUBSTITUTE(SUBSTITUTE(SUBSTITUTE(SUBSTITUTE(SUBSTITUTE(SUBSTITUTE(SUBSTITUTE(SUBSTITUTE(SUBSTITUTE(SUBSTITUTE(SUBSTITUTE(SUBSTITUTE(SUBSTITUTE(TRIM($B11&""),CHAR(10)," "),CHAR(13)," "),"."," "),";"," "),","," "),"/"," "),"+"," "),"-"," ")," "," ")," "," ")," "," ")," "," ")," "," ")," "," "))," ",REPT(" ",99)),892,99))) | S11: =IF($B11="","",TRIM(MID(SUBSTITUTE(TRIM(SUBSTITUTE(SUBSTITUTE(SUBSTITUTE(SUBSTITUTE(SUBSTITUTE(SUBSTITUTE(SUBSTITUTE(SUBSTITUTE(SUBSTITUTE(SUBSTITUTE(SUBSTITUTE(SUBSTITUTE(SUBSTITUTE(SUBSTITUTE(TRIM($B11&""),CHAR(10)," "),CHAR(13)," "),"."," "),";"," "),","," "),"/"," "),"+"," "),"-"," ")," "," ")," "," ")," "," ")," "," ")," "," ")," "," "))," ",REPT(" ",99)),991,99))) | T11: =IF($B11="","",TRIM(MID(SUBSTITUTE(TRIM(SUBSTITUTE(SUBSTITUTE(SUBSTITUTE(SUBSTITUTE(SUBSTITUTE(SUBSTITUTE(SUBSTITUTE(SUBSTITUTE(SUBSTITUTE(SUBSTITUTE(SUBSTITUTE(SUBSTITUTE(SUBSTITUTE(SUBSTITUTE(TRIM($B11&""),CHAR(10)," "),CHAR(13)," "),"."," "),";"," "),","," "),"/"," "),"+"," "),"-"," ")," "," ")," "," ")," "," ")," "," ")," "," ")," "," "))," ",REPT(" ",99)),1090,99))) | U11: =IF($B11="","",TRIM(MID(SUBSTITUTE(TRIM(SUBSTITUTE(SUBSTITUTE(SUBSTITUTE(SUBSTITUTE(SUBSTITUTE(SUBSTITUTE(SUBSTITUTE(SUBSTITUTE(SUBSTITUTE(SUBSTITUTE(SUBSTITUTE(SUBSTITUTE(SUBSTITUTE(SUBSTITUTE(TRIM($B11&""),CHAR(10)," "),CHAR(13)," "),"."," "),";"," "),","," "),"/"," "),"+"," "),"-"," ")," "," ")," "," ")," "," ")," "," ")," "," ")," "," "))," ",REPT(" ",99)),1189,99))) | V11: =IF($B11="","",TRIM(MID(SUBSTITUTE(TRIM(SUBSTITUTE(SUBSTITUTE(SUBSTITUTE(SUBSTITUTE(SUBSTITUTE(SUBSTITUTE(SUBSTITUTE(SUBSTITUTE(SUBSTITUTE(SUBSTITUTE(SUBSTITUTE(SUBSTITUTE(SUBSTITUTE(SUBSTITUTE(TRIM($B11&""),CHAR(10)," "),CHAR(13)," "),"."," "),";"," "),","," "),"/"," "),"+"," "),"-"," ")," "," ")," "," ")," "," ")," "," ")," "," ")," "," "))," ",REPT(" ",99)),1288,99))) | W11: =IF($B11="","",TRIM(MID(SUBSTITUTE(TRIM(SUBSTITUTE(SUBSTITUTE(SUBSTITUTE(SUBSTITUTE(SUBSTITUTE(SUBSTITUTE(SUBSTITUTE(SUBSTITUTE(SUBSTITUTE(SUBSTITUTE(SUBSTITUTE(SUBSTITUTE(SUBSTITUTE(SUBSTITUTE(TRIM($B11&""),CHAR(10)," "),CHAR(13)," "),"."," "),";"," "),","," "),"/"," "),"+"," "),"-"," ")," "," ")," "," ")," "," ")," "," ")," "," ")," "," "))," ",REPT(" ",99)),1387,99))) | X11: =IF($B11="","",TRIM(MID(SUBSTITUTE(TRIM(SUBSTITUTE(SUBSTITUTE(SUBSTITUTE(SUBSTITUTE(SUBSTITUTE(SUBSTITUTE(SUBSTITUTE(SUBSTITUTE(SUBSTITUTE(SUBSTITUTE(SUBSTITUTE(SUBSTITUTE(SUBSTITUTE(SUBSTITUTE(TRIM($B11&""),CHAR(10)," "),CHAR(13)," "),"."," "),";"," "),","," "),"/"," "),"+"," "),"-"," ")," "," ")," "," ")," "," ")," "," ")," "," ")," "," "))," ",REPT(" ",99)),1486,99))) | Y11: =IF($B11="","",TRIM(MID(SUBSTITUTE(TRIM(SUBSTITUTE(SUBSTITUTE(SUBSTITUTE(SUBSTITUTE(SUBSTITUTE(SUBSTITUTE(SUBSTITUTE(SUBSTITUTE(SUBSTITUTE(SUBSTITUTE(SUBSTITUTE(SUBSTITUTE(SUBSTITUTE(SUBSTITUTE(TRIM($B11&""),CHAR(10)," "),CHAR(13)," "),"."," "),";"," "),","," "),"/"," "),"+"," "),"-"," ")," "," ")," "," ")," "," ")," "," ")," "," ")," "," "))," ",REPT(" ",99)),1585,99))) | Z11: =IF($B11="","",TRIM(MID(SUBSTITUTE(TRIM(SUBSTITUTE(SUBSTITUTE(SUBSTITUTE(SUBSTITUTE(SUBSTITUTE(SUBSTITUTE(SUBSTITUTE(SUBSTITUTE(SUBSTITUTE(SUBSTITUTE(SUBSTITUTE(SUBSTITUTE(SUBSTITUTE(SUBSTITUTE(TRIM($B11&""),CHAR(10)," "),CHAR(13)," "),"."," "),";"," "),","," "),"/"," "),"+"," "),"-"," ")," "," ")," "," ")," "," ")," "," ")," "," ")," "," "))," ",REPT(" ",99)),1684,99))) | AA11: =IF($B11="","",TRIM(MID(SUBSTITUTE(TRIM(SUBSTITUTE(SUBSTITUTE(SUBSTITUTE(SUBSTITUTE(SUBSTITUTE(SUBSTITUTE(SUBSTITUTE(SUBSTITUTE(SUBSTITUTE(SUBSTITUTE(SUBSTITUTE(SUBSTITUTE(SUBSTITUTE(SUBSTITUTE(TRIM($B11&""),CHAR(10)," "),CHAR(13)," "),"."," "),";"," "),","," "),"/"," "),"+"," "),"-"," ")," "," ")," "," ")," "," ")," "," ")," "," ")," "," "))," ",REPT(" ",99)),1783,99))) | AB11: =IF($B11="","",TRIM(MID(SUBSTITUTE(TRIM(SUBSTITUTE(SUBSTITUTE(SUBSTITUTE(SUBSTITUTE(SUBSTITUTE(SUBSTITUTE(SUBSTITUTE(SUBSTITUTE(SUBSTITUTE(SUBSTITUTE(SUBSTITUTE(SUBSTITUTE(SUBSTITUTE(SUBSTITUTE(TRIM($B11&""),CHAR(10)," "),CHAR(13)," "),"."," "),";"," "),","," "),"/"," "),"+"," "),"-"," ")," "," ")," "," ")," "," ")," "," ")," "," ")," "," "))," ",REPT(" ",99)),1882,99)))
A12: =IF(OR($B12="",$C12=""),"",IFERROR(INDEX('5_ACOMPANHAMENTO'!$A$3:$A$4922,MATCH(1,INDEX(('5_ACOMPANHAMENTO'!$AD$3:$AD$4922=TRIM($C12&""))*('5_ACOMPANHAMENTO'!$AC$3:$AC$4922<>"")*((((I12<>"")*ISNUMBER(SEARCH("|"&I12&"|",'5_ACOMPANHAMENTO'!$AC$3:$AC$4922)))+((J12<>"")*ISNUMBER(SEARCH("|"&J12&"|",'5_ACOMPANHAMENTO'!$AC$3:$AC$4922)))+((K12<>"")*ISNUMBER(SEARCH("|"&K12&"|",'5_ACOMPANHAMENTO'!$AC$3:$AC$4922)))+((L12<>"")*ISNUMBER(SEARCH("|"&L12&"|",'5_ACOMPANHAMENTO'!$AC$3:$AC$4922)))+((M12<>"")*ISNUMBER(SEARCH("|"&M12&"|",'5_ACOMPANHAMENTO'!$AC$3:$AC$4922)))+((N12<>"")*ISNUMBER(SEARCH("|"&N12&"|",'5_ACOMPANHAMENTO'!$AC$3:$AC$4922)))+((O12<>"")*ISNUMBER(SEARCH("|"&O12&"|",'5_ACOMPANHAMENTO'!$AC$3:$AC$4922)))+((P12<>"")*ISNUMBER(SEARCH("|"&P12&"|",'5_ACOMPANHAMENTO'!$AC$3:$AC$4922)))+((Q12<>"")*ISNUMBER(SEARCH("|"&Q12&"|",'5_ACOMPANHAMENTO'!$AC$3:$AC$4922)))+((R12<>"")*ISNUMBER(SEARCH("|"&R12&"|",'5_ACOMPANHAMENTO'!$AC$3:$AC$4922)))+((S12<>"")*ISNUMBER(SEARCH("|"&S12&"|",'5_ACOMPANHAMENTO'!$AC$3:$AC$4922)))+((T12<>"")*ISNUMBER(SEARCH("|"&T12&"|",'5_ACOMPANHAMENTO'!$AC$3:$AC$4922)))+((U12<>"")*ISNUMBER(SEARCH("|"&U12&"|",'5_ACOMPANHAMENTO'!$AC$3:$AC$4922)))+((V12<>"")*ISNUMBER(SEARCH("|"&V12&"|",'5_ACOMPANHAMENTO'!$AC$3:$AC$4922)))+((W12<>"")*ISNUMBER(SEARCH("|"&W12&"|",'5_ACOMPANHAMENTO'!$AC$3:$AC$4922)))+((X12<>"")*ISNUMBER(SEARCH("|"&X12&"|",'5_ACOMPANHAMENTO'!$AC$3:$AC$4922)))+((Y12<>"")*ISNUMBER(SEARCH("|"&Y12&"|",'5_ACOMPANHAMENTO'!$AC$3:$AC$4922)))+((Z12<>"")*ISNUMBER(SEARCH("|"&Z12&"|",'5_ACOMPANHAMENTO'!$AC$3:$AC$4922)))+((AA12<>"")*ISNUMBER(SEARCH("|"&AA12&"|",'5_ACOMPANHAMENTO'!$AC$3:$AC$4922)))+((AB12<>"")*ISNUMBER(SEARCH("|"&AB12&"|",'5_ACOMPANHAMENTO'!$AC$3:$AC$4922))))>0),0),0)),"")) | B12: 10176 | C12: FURADEIRA 21 | D12: =IF(OR($B12="",$C12=""),"",IFERROR(SUMPRODUCT(--(('5_ACOMPANHAMENTO'!$AD$3:$AD$4922=TRIM($C12&""))*('5_ACOMPANHAMENTO'!$AC$3:$AC$4922<>"")*((((I12<>"")*ISNUMBER(SEARCH("|"&I12&"|",'5_ACOMPANHAMENTO'!$AC$3:$AC$4922)))+((J12<>"")*ISNUMBER(SEARCH("|"&J12&"|",'5_ACOMPANHAMENTO'!$AC$3:$AC$4922)))+((K12<>"")*ISNUMBER(SEARCH("|"&K12&"|",'5_ACOMPANHAMENTO'!$AC$3:$AC$4922)))+((L12<>"")*ISNUMBER(SEARCH("|"&L12&"|",'5_ACOMPANHAMENTO'!$AC$3:$AC$4922)))+((M12<>"")*ISNUMBER(SEARCH("|"&M12&"|",'5_ACOMPANHAMENTO'!$AC$3:$AC$4922)))+((N12<>"")*ISNUMBER(SEARCH("|"&N12&"|",'5_ACOMPANHAMENTO'!$AC$3:$AC$4922)))+((O12<>"")*ISNUMBER(SEARCH("|"&O12&"|",'5_ACOMPANHAMENTO'!$AC$3:$AC$4922)))+((P12<>"")*ISNUMBER(SEARCH("|"&P12&"|",'5_ACOMPANHAMENTO'!$AC$3:$AC$4922)))+((Q12<>"")*ISNUMBER(SEARCH("|"&Q12&"|",'5_ACOMPANHAMENTO'!$AC$3:$AC$4922)))+((R12<>"")*ISNUMBER(SEARCH("|"&R12&"|",'5_ACOMPANHAMENTO'!$AC$3:$AC$4922)))+((S12<>"")*ISNUMBER(SEARCH("|"&S12&"|",'5_ACOMPANHAMENTO'!$AC$3:$AC$4922)))+((T12<>"")*ISNUMBER(SEARCH("|"&T12&"|",'5_ACOMPANHAMENTO'!$AC$3:$AC$4922)))+((U12<>"")*ISNUMBER(SEARCH("|"&U12&"|",'5_ACOMPANHAMENTO'!$AC$3:$AC$4922)))+((V12<>"")*ISNUMBER(SEARCH("|"&V12&"|",'5_ACOMPANHAMENTO'!$AC$3:$AC$4922)))+((W12<>"")*ISNUMBER(SEARCH("|"&W12&"|",'5_ACOMPANHAMENTO'!$AC$3:$AC$4922)))+((X12<>"")*ISNUMBER(SEARCH("|"&X12&"|",'5_ACOMPANHAMENTO'!$AC$3:$AC$4922)))+((Y12<>"")*ISNUMBER(SEARCH("|"&Y12&"|",'5_ACOMPANHAMENTO'!$AC$3:$AC$4922)))+((Z12<>"")*ISNUMBER(SEARCH("|"&Z12&"|",'5_ACOMPANHAMENTO'!$AC$3:$AC$4922)))+((AA12<>"")*ISNUMBER(SEARCH("|"&AA12&"|",'5_ACOMPANHAMENTO'!$AC$3:$AC$4922)))+((AB12<>"")*ISNUMBER(SEARCH("|"&AB12&"|",'5_ACOMPANHAMENTO'!$AC$3:$AC$4922))))>0)),'5_ACOMPANHAMENTO'!$J$3:$J$4922),0)) | E12: =IF(G12=0,"FINALIZADO",IF(TODAY()>A12,"ATRASADO "&TODAY()-A12&" DIAS","ADIANTADO "&A12-TODAY()&" DIAS")) | F12: =IF(OR($B12="",$C12=""),"",IFERROR(SUMPRODUCT(--(('5_ACOMPANHAMENTO'!$AD$3:$AD$4922=TRIM($C12&""))*('5_ACOMPANHAMENTO'!$AC$3:$AC$4922<>"")*((((I12<>"")*ISNUMBER(SEARCH("|"&I12&"|",'5_ACOMPANHAMENTO'!$AC$3:$AC$4922)))+((J12<>"")*ISNUMBER(SEARCH("|"&J12&"|",'5_ACOMPANHAMENTO'!$AC$3:$AC$4922)))+((K12<>"")*ISNUMBER(SEARCH("|"&K12&"|",'5_ACOMPANHAMENTO'!$AC$3:$AC$4922)))+((L12<>"")*ISNUMBER(SEARCH("|"&L12&"|",'5_ACOMPANHAMENTO'!$AC$3:$AC$4922)))+((M12<>"")*ISNUMBER(SEARCH("|"&M12&"|",'5_ACOMPANHAMENTO'!$AC$3:$AC$4922)))+((N12<>"")*ISNUMBER(SEARCH("|"&N12&"|",'5_ACOMPANHAMENTO'!$AC$3:$AC$4922)))+((O12<>"")*ISNUMBER(SEARCH("|"&O12&"|",'5_ACOMPANHAMENTO'!$AC$3:$AC$4922)))+((P12<>"")*ISNUMBER(SEARCH("|"&P12&"|",'5_ACOMPANHAMENTO'!$AC$3:$AC$4922)))+((Q12<>"")*ISNUMBER(SEARCH("|"&Q12&"|",'5_ACOMPANHAMENTO'!$AC$3:$AC$4922)))+((R12<>"")*ISNUMBER(SEARCH("|"&R12&"|",'5_ACOMPANHAMENTO'!$AC$3:$AC$4922)))+((S12<>"")*ISNUMBER(SEARCH("|"&S12&"|",'5_ACOMPANHAMENTO'!$AC$3:$AC$4922)))+((T12<>"")*ISNUMBER(SEARCH("|"&T12&"|",'5_ACOMPANHAMENTO'!$AC$3:$AC$4922)))+((U12<>"")*ISNUMBER(SEARCH("|"&U12&"|",'5_ACOMPANHAMENTO'!$AC$3:$AC$4922)))+((V12<>"")*ISNUMBER(SEARCH("|"&V12&"|",'5_ACOMPANHAMENTO'!$AC$3:$AC$4922)))+((W12<>"")*ISNUMBER(SEARCH("|"&W12&"|",'5_ACOMPANHAMENTO'!$AC$3:$AC$4922)))+((X12<>"")*ISNUMBER(SEARCH("|"&X12&"|",'5_ACOMPANHAMENTO'!$AC$3:$AC$4922)))+((Y12<>"")*ISNUMBER(SEARCH("|"&Y12&"|",'5_ACOMPANHAMENTO'!$AC$3:$AC$4922)))+((Z12<>"")*ISNUMBER(SEARCH("|"&Z12&"|",'5_ACOMPANHAMENTO'!$AC$3:$AC$4922)))+((AA12<>"")*ISNUMBER(SEARCH("|"&AA12&"|",'5_ACOMPANHAMENTO'!$AC$3:$AC$4922)))+((AB12<>"")*ISNUMBER(SEARCH("|"&AB12&"|",'5_ACOMPANHAMENTO'!$AC$3:$AC$4922))))>0)),'5_ACOMPANHAMENTO'!$O$3:$O$4922),0)) | G12: =IF(OR($B12="",$C12=""),"",D12-F12) | H12: =IF(OR($B12="",$C12=""),"",TRIM($B12&"")&"|"&TRIM($C12&"")) | I12: =IF($B12="","",TRIM(MID(SUBSTITUTE(TRIM(SUBSTITUTE(SUBSTITUTE(SUBSTITUTE(SUBSTITUTE(SUBSTITUTE(SUBSTITUTE(SUBSTITUTE(SUBSTITUTE(SUBSTITUTE(SUBSTITUTE(SUBSTITUTE(SUBSTITUTE(SUBSTITUTE(SUBSTITUTE(TRIM($B12&""),CHAR(10)," "),CHAR(13)," "),"."," "),";"," "),","," "),"/"," "),"+"," "),"-"," ")," "," ")," "," ")," "," ")," "," ")," "," ")," "," "))," ",REPT(" ",99)),1,99))) | J12: =IF($B12="","",TRIM(MID(SUBSTITUTE(TRIM(SUBSTITUTE(SUBSTITUTE(SUBSTITUTE(SUBSTITUTE(SUBSTITUTE(SUBSTITUTE(SUBSTITUTE(SUBSTITUTE(SUBSTITUTE(SUBSTITUTE(SUBSTITUTE(SUBSTITUTE(SUBSTITUTE(SUBSTITUTE(TRIM($B12&""),CHAR(10)," "),CHAR(13)," "),"."," "),";"," "),","," "),"/"," "),"+"," "),"-"," ")," "," ")," "," ")," "," ")," "," ")," "," ")," "," "))," ",REPT(" ",99)),100,99))) | K12: =IF($B12="","",TRIM(MID(SUBSTITUTE(TRIM(SUBSTITUTE(SUBSTITUTE(SUBSTITUTE(SUBSTITUTE(SUBSTITUTE(SUBSTITUTE(SUBSTITUTE(SUBSTITUTE(SUBSTITUTE(SUBSTITUTE(SUBSTITUTE(SUBSTITUTE(SUBSTITUTE(SUBSTITUTE(TRIM($B12&""),CHAR(10)," "),CHAR(13)," "),"."," "),";"," "),","," "),"/"," "),"+"," "),"-"," ")," "," ")," "," ")," "," ")," "," ")," "," ")," "," "))," ",REPT(" ",99)),199,99))) | L12: =IF($B12="","",TRIM(MID(SUBSTITUTE(TRIM(SUBSTITUTE(SUBSTITUTE(SUBSTITUTE(SUBSTITUTE(SUBSTITUTE(SUBSTITUTE(SUBSTITUTE(SUBSTITUTE(SUBSTITUTE(SUBSTITUTE(SUBSTITUTE(SUBSTITUTE(SUBSTITUTE(SUBSTITUTE(TRIM($B12&""),CHAR(10)," "),CHAR(13)," "),"."," "),";"," "),","," "),"/"," "),"+"," "),"-"," ")," "," ")," "," ")," "," ")," "," ")," "," ")," "," "))," ",REPT(" ",99)),298,99))) | M12: =IF($B12="","",TRIM(MID(SUBSTITUTE(TRIM(SUBSTITUTE(SUBSTITUTE(SUBSTITUTE(SUBSTITUTE(SUBSTITUTE(SUBSTITUTE(SUBSTITUTE(SUBSTITUTE(SUBSTITUTE(SUBSTITUTE(SUBSTITUTE(SUBSTITUTE(SUBSTITUTE(SUBSTITUTE(TRIM($B12&""),CHAR(10)," "),CHAR(13)," "),"."," "),";"," "),","," "),"/"," "),"+"," "),"-"," ")," "," ")," "," ")," "," ")," "," ")," "," ")," "," "))," ",REPT(" ",99)),397,99))) | N12: =IF($B12="","",TRIM(MID(SUBSTITUTE(TRIM(SUBSTITUTE(SUBSTITUTE(SUBSTITUTE(SUBSTITUTE(SUBSTITUTE(SUBSTITUTE(SUBSTITUTE(SUBSTITUTE(SUBSTITUTE(SUBSTITUTE(SUBSTITUTE(SUBSTITUTE(SUBSTITUTE(SUBSTITUTE(TRIM($B12&""),CHAR(10)," "),CHAR(13)," "),"."," "),";"," "),","," "),"/"," "),"+"," "),"-"," ")," "," ")," "," ")," "," ")," "," ")," "," ")," "," "))," ",REPT(" ",99)),496,99))) | O12: =IF($B12="","",TRIM(MID(SUBSTITUTE(TRIM(SUBSTITUTE(SUBSTITUTE(SUBSTITUTE(SUBSTITUTE(SUBSTITUTE(SUBSTITUTE(SUBSTITUTE(SUBSTITUTE(SUBSTITUTE(SUBSTITUTE(SUBSTITUTE(SUBSTITUTE(SUBSTITUTE(SUBSTITUTE(TRIM($B12&""),CHAR(10)," "),CHAR(13)," "),"."," "),";"," "),","," "),"/"," "),"+"," "),"-"," ")," "," ")," "," ")," "," ")," "," ")," "," ")," "," "))," ",REPT(" ",99)),595,99))) | P12: =IF($B12="","",TRIM(MID(SUBSTITUTE(TRIM(SUBSTITUTE(SUBSTITUTE(SUBSTITUTE(SUBSTITUTE(SUBSTITUTE(SUBSTITUTE(SUBSTITUTE(SUBSTITUTE(SUBSTITUTE(SUBSTITUTE(SUBSTITUTE(SUBSTITUTE(SUBSTITUTE(SUBSTITUTE(TRIM($B12&""),CHAR(10)," "),CHAR(13)," "),"."," "),";"," "),","," "),"/"," "),"+"," "),"-"," ")," "," ")," "," ")," "," ")," "," ")," "," ")," "," "))," ",REPT(" ",99)),694,99))) | Q12: =IF($B12="","",TRIM(MID(SUBSTITUTE(TRIM(SUBSTITUTE(SUBSTITUTE(SUBSTITUTE(SUBSTITUTE(SUBSTITUTE(SUBSTITUTE(SUBSTITUTE(SUBSTITUTE(SUBSTITUTE(SUBSTITUTE(SUBSTITUTE(SUBSTITUTE(SUBSTITUTE(SUBSTITUTE(TRIM($B12&""),CHAR(10)," "),CHAR(13)," "),"."," "),";"," "),","," "),"/"," "),"+"," "),"-"," ")," "," ")," "," ")," "," ")," "," ")," "," ")," "," "))," ",REPT(" ",99)),793,99))) | R12: =IF($B12="","",TRIM(MID(SUBSTITUTE(TRIM(SUBSTITUTE(SUBSTITUTE(SUBSTITUTE(SUBSTITUTE(SUBSTITUTE(SUBSTITUTE(SUBSTITUTE(SUBSTITUTE(SUBSTITUTE(SUBSTITUTE(SUBSTITUTE(SUBSTITUTE(SUBSTITUTE(SUBSTITUTE(TRIM($B12&""),CHAR(10)," "),CHAR(13)," "),"."," "),";"," "),","," "),"/"," "),"+"," "),"-"," ")," "," ")," "," ")," "," ")," "," ")," "," ")," "," "))," ",REPT(" ",99)),892,99))) | S12: =IF($B12="","",TRIM(MID(SUBSTITUTE(TRIM(SUBSTITUTE(SUBSTITUTE(SUBSTITUTE(SUBSTITUTE(SUBSTITUTE(SUBSTITUTE(SUBSTITUTE(SUBSTITUTE(SUBSTITUTE(SUBSTITUTE(SUBSTITUTE(SUBSTITUTE(SUBSTITUTE(SUBSTITUTE(TRIM($B12&""),CHAR(10)," "),CHAR(13)," "),"."," "),";"," "),","," "),"/"," "),"+"," "),"-"," ")," "," ")," "," ")," "," ")," "," ")," "," ")," "," "))," ",REPT(" ",99)),991,99))) | T12: =IF($B12="","",TRIM(MID(SUBSTITUTE(TRIM(SUBSTITUTE(SUBSTITUTE(SUBSTITUTE(SUBSTITUTE(SUBSTITUTE(SUBSTITUTE(SUBSTITUTE(SUBSTITUTE(SUBSTITUTE(SUBSTITUTE(SUBSTITUTE(SUBSTITUTE(SUBSTITUTE(SUBSTITUTE(TRIM($B12&""),CHAR(10)," "),CHAR(13)," "),"."," "),";"," "),","," "),"/"," "),"+"," "),"-"," ")," "," ")," "," ")," "," ")," "," ")," "," ")," "," "))," ",REPT(" ",99)),1090,99))) | U12: =IF($B12="","",TRIM(MID(SUBSTITUTE(TRIM(SUBSTITUTE(SUBSTITUTE(SUBSTITUTE(SUBSTITUTE(SUBSTITUTE(SUBSTITUTE(SUBSTITUTE(SUBSTITUTE(SUBSTITUTE(SUBSTITUTE(SUBSTITUTE(SUBSTITUTE(SUBSTITUTE(SUBSTITUTE(TRIM($B12&""),CHAR(10)," "),CHAR(13)," "),"."," "),";"," "),","," "),"/"," "),"+"," "),"-"," ")," "," ")," "," ")," "," ")," "," ")," "," ")," "," "))," ",REPT(" ",99)),1189,99))) | V12: =IF($B12="","",TRIM(MID(SUBSTITUTE(TRIM(SUBSTITUTE(SUBSTITUTE(SUBSTITUTE(SUBSTITUTE(SUBSTITUTE(SUBSTITUTE(SUBSTITUTE(SUBSTITUTE(SUBSTITUTE(SUBSTITUTE(SUBSTITUTE(SUBSTITUTE(SUBSTITUTE(SUBSTITUTE(TRIM($B12&""),CHAR(10)," "),CHAR(13)," "),"."," "),";"," "),","," "),"/"," "),"+"," "),"-"," ")," "," ")," "," ")," "," ")," "," ")," "," ")," "," "))," ",REPT(" ",99)),1288,99))) | W12: =IF($B12="","",TRIM(MID(SUBSTITUTE(TRIM(SUBSTITUTE(SUBSTITUTE(SUBSTITUTE(SUBSTITUTE(SUBSTITUTE(SUBSTITUTE(SUBSTITUTE(SUBSTITUTE(SUBSTITUTE(SUBSTITUTE(SUBSTITUTE(SUBSTITUTE(SUBSTITUTE(SUBSTITUTE(TRIM($B12&""),CHAR(10)," "),CHAR(13)," "),"."," "),";"," "),","," "),"/"," "),"+"," "),"-"," ")," "," ")," "," ")," "," ")," "," ")," "," ")," "," "))," ",REPT(" ",99)),1387,99))) | X12: =IF($B12="","",TRIM(MID(SUBSTITUTE(TRIM(SUBSTITUTE(SUBSTITUTE(SUBSTITUTE(SUBSTITUTE(SUBSTITUTE(SUBSTITUTE(SUBSTITUTE(SUBSTITUTE(SUBSTITUTE(SUBSTITUTE(SUBSTITUTE(SUBSTITUTE(SUBSTITUTE(SUBSTITUTE(TRIM($B12&""),CHAR(10)," "),CHAR(13)," "),"."," "),";"," "),","," "),"/"," "),"+"," "),"-"," ")," "," ")," "," ")," "," ")," "," ")," "," ")," "," "))," ",REPT(" ",99)),1486,99))) | Y12: =IF($B12="","",TRIM(MID(SUBSTITUTE(TRIM(SUBSTITUTE(SUBSTITUTE(SUBSTITUTE(SUBSTITUTE(SUBSTITUTE(SUBSTITUTE(SUBSTITUTE(SUBSTITUTE(SUBSTITUTE(SUBSTITUTE(SUBSTITUTE(SUBSTITUTE(SUBSTITUTE(SUBSTITUTE(TRIM($B12&""),CHAR(10)," "),CHAR(13)," "),"."," "),";"," "),","," "),"/"," "),"+"," "),"-"," ")," "," ")," "," ")," "," ")," "," ")," "," ")," "," "))," ",REPT(" ",99)),1585,99))) | Z12: =IF($B12="","",TRIM(MID(SUBSTITUTE(TRIM(SUBSTITUTE(SUBSTITUTE(SUBSTITUTE(SUBSTITUTE(SUBSTITUTE(SUBSTITUTE(SUBSTITUTE(SUBSTITUTE(SUBSTITUTE(SUBSTITUTE(SUBSTITUTE(SUBSTITUTE(SUBSTITUTE(SUBSTITUTE(TRIM($B12&""),CHAR(10)," "),CHAR(13)," "),"."," "),";"," "),","," "),"/"," "),"+"," "),"-"," ")," "," ")," "," ")," "," ")," "," ")," "," ")," "," "))," ",REPT(" ",99)),1684,99))) | AA12: =IF($B12="","",TRIM(MID(SUBSTITUTE(TRIM(SUBSTITUTE(SUBSTITUTE(SUBSTITUTE(SUBSTITUTE(SUBSTITUTE(SUBSTITUTE(SUBSTITUTE(SUBSTITUTE(SUBSTITUTE(SUBSTITUTE(SUBSTITUTE(SUBSTITUTE(SUBSTITUTE(SUBSTITUTE(TRIM($B12&""),CHAR(10)," "),CHAR(13)," "),"."," "),";"," "),","," "),"/"," "),"+"," "),"-"," ")," "," ")," "," ")," "," ")," "," ")," "," ")," "," "))," ",REPT(" ",99)),1783,99))) | AB12: =IF($B12="","",TRIM(MID(SUBSTITUTE(TRIM(SUBSTITUTE(SUBSTITUTE(SUBSTITUTE(SUBSTITUTE(SUBSTITUTE(SUBSTITUTE(SUBSTITUTE(SUBSTITUTE(SUBSTITUTE(SUBSTITUTE(SUBSTITUTE(SUBSTITUTE(SUBSTITUTE(SUBSTITUTE(TRIM($B12&""),CHAR(10)," "),CHAR(13)," "),"."," "),";"," "),","," "),"/"," "),"+"," "),"-"," ")," "," ")," "," ")," "," ")," "," ")," "," ")," "," "))," ",REPT(" ",99)),1882,99)))
A13: =IF(OR($B13="",$C13=""),"",IFERROR(INDEX('5_ACOMPANHAMENTO'!$A$3:$A$4922,MATCH(1,INDEX(('5_ACOMPANHAMENTO'!$AD$3:$AD$4922=TRIM($C13&""))*('5_ACOMPANHAMENTO'!$AC$3:$AC$4922<>"")*((((I13<>"")*ISNUMBER(SEARCH("|"&I13&"|",'5_ACOMPANHAMENTO'!$AC$3:$AC$4922)))+((J13<>"")*ISNUMBER(SEARCH("|"&J13&"|",'5_ACOMPANHAMENTO'!$AC$3:$AC$4922)))+((K13<>"")*ISNUMBER(SEARCH("|"&K13&"|",'5_ACOMPANHAMENTO'!$AC$3:$AC$4922)))+((L13<>"")*ISNUMBER(SEARCH("|"&L13&"|",'5_ACOMPANHAMENTO'!$AC$3:$AC$4922)))+((M13<>"")*ISNUMBER(SEARCH("|"&M13&"|",'5_ACOMPANHAMENTO'!$AC$3:$AC$4922)))+((N13<>"")*ISNUMBER(SEARCH("|"&N13&"|",'5_ACOMPANHAMENTO'!$AC$3:$AC$4922)))+((O13<>"")*ISNUMBER(SEARCH("|"&O13&"|",'5_ACOMPANHAMENTO'!$AC$3:$AC$4922)))+((P13<>"")*ISNUMBER(SEARCH("|"&P13&"|",'5_ACOMPANHAMENTO'!$AC$3:$AC$4922)))+((Q13<>"")*ISNUMBER(SEARCH("|"&Q13&"|",'5_ACOMPANHAMENTO'!$AC$3:$AC$4922)))+((R13<>"")*ISNUMBER(SEARCH("|"&R13&"|",'5_ACOMPANHAMENTO'!$AC$3:$AC$4922)))+((S13<>"")*ISNUMBER(SEARCH("|"&S13&"|",'5_ACOMPANHAMENTO'!$AC$3:$AC$4922)))+((T13<>"")*ISNUMBER(SEARCH("|"&T13&"|",'5_ACOMPANHAMENTO'!$AC$3:$AC$4922)))+((U13<>"")*ISNUMBER(SEARCH("|"&U13&"|",'5_ACOMPANHAMENTO'!$AC$3:$AC$4922)))+((V13<>"")*ISNUMBER(SEARCH("|"&V13&"|",'5_ACOMPANHAMENTO'!$AC$3:$AC$4922)))+((W13<>"")*ISNUMBER(SEARCH("|"&W13&"|",'5_ACOMPANHAMENTO'!$AC$3:$AC$4922)))+((X13<>"")*ISNUMBER(SEARCH("|"&X13&"|",'5_ACOMPANHAMENTO'!$AC$3:$AC$4922)))+((Y13<>"")*ISNUMBER(SEARCH("|"&Y13&"|",'5_ACOMPANHAMENTO'!$AC$3:$AC$4922)))+((Z13<>"")*ISNUMBER(SEARCH("|"&Z13&"|",'5_ACOMPANHAMENTO'!$AC$3:$AC$4922)))+((AA13<>"")*ISNUMBER(SEARCH("|"&AA13&"|",'5_ACOMPANHAMENTO'!$AC$3:$AC$4922)))+((AB13<>"")*ISNUMBER(SEARCH("|"&AB13&"|",'5_ACOMPANHAMENTO'!$AC$3:$AC$4922))))>0),0),0)),"")) | B13: 10176 | C13: FURADEIRA 22 | D13: =IF(OR($B13="",$C13=""),"",IFERROR(SUMPRODUCT(--(('5_ACOMPANHAMENTO'!$AD$3:$AD$4922=TRIM($C13&""))*('5_ACOMPANHAMENTO'!$AC$3:$AC$4922<>"")*((((I13<>"")*ISNUMBER(SEARCH("|"&I13&"|",'5_ACOMPANHAMENTO'!$AC$3:$AC$4922)))+((J13<>"")*ISNUMBER(SEARCH("|"&J13&"|",'5_ACOMPANHAMENTO'!$AC$3:$AC$4922)))+((K13<>"")*ISNUMBER(SEARCH("|"&K13&"|",'5_ACOMPANHAMENTO'!$AC$3:$AC$4922)))+((L13<>"")*ISNUMBER(SEARCH("|"&L13&"|",'5_ACOMPANHAMENTO'!$AC$3:$AC$4922)))+((M13<>"")*ISNUMBER(SEARCH("|"&M13&"|",'5_ACOMPANHAMENTO'!$AC$3:$AC$4922)))+((N13<>"")*ISNUMBER(SEARCH("|"&N13&"|",'5_ACOMPANHAMENTO'!$AC$3:$AC$4922)))+((O13<>"")*ISNUMBER(SEARCH("|"&O13&"|",'5_ACOMPANHAMENTO'!$AC$3:$AC$4922)))+((P13<>"")*ISNUMBER(SEARCH("|"&P13&"|",'5_ACOMPANHAMENTO'!$AC$3:$AC$4922)))+((Q13<>"")*ISNUMBER(SEARCH("|"&Q13&"|",'5_ACOMPANHAMENTO'!$AC$3:$AC$4922)))+((R13<>"")*ISNUMBER(SEARCH("|"&R13&"|",'5_ACOMPANHAMENTO'!$AC$3:$AC$4922)))+((S13<>"")*ISNUMBER(SEARCH("|"&S13&"|",'5_ACOMPANHAMENTO'!$AC$3:$AC$4922)))+((T13<>"")*ISNUMBER(SEARCH("|"&T13&"|",'5_ACOMPANHAMENTO'!$AC$3:$AC$4922)))+((U13<>"")*ISNUMBER(SEARCH("|"&U13&"|",'5_ACOMPANHAMENTO'!$AC$3:$AC$4922)))+((V13<>"")*ISNUMBER(SEARCH("|"&V13&"|",'5_ACOMPANHAMENTO'!$AC$3:$AC$4922)))+((W13<>"")*ISNUMBER(SEARCH("|"&W13&"|",'5_ACOMPANHAMENTO'!$AC$3:$AC$4922)))+((X13<>"")*ISNUMBER(SEARCH("|"&X13&"|",'5_ACOMPANHAMENTO'!$AC$3:$AC$4922)))+((Y13<>"")*ISNUMBER(SEARCH("|"&Y13&"|",'5_ACOMPANHAMENTO'!$AC$3:$AC$4922)))+((Z13<>"")*ISNUMBER(SEARCH("|"&Z13&"|",'5_ACOMPANHAMENTO'!$AC$3:$AC$4922)))+((AA13<>"")*ISNUMBER(SEARCH("|"&AA13&"|",'5_ACOMPANHAMENTO'!$AC$3:$AC$4922)))+((AB13<>"")*ISNUMBER(SEARCH("|"&AB13&"|",'5_ACOMPANHAMENTO'!$AC$3:$AC$4922))))>0)),'5_ACOMPANHAMENTO'!$J$3:$J$4922),0)) | E13: =IF(G13=0,"FINALIZADO",IF(TODAY()>A13,"ATRASADO "&TODAY()-A13&" DIAS","ADIANTADO "&A13-TODAY()&" DIAS")) | F13: =IF(OR($B13="",$C13=""),"",IFERROR(SUMPRODUCT(--(('5_ACOMPANHAMENTO'!$AD$3:$AD$4922=TRIM($C13&""))*('5_ACOMPANHAMENTO'!$AC$3:$AC$4922<>"")*((((I13<>"")*ISNUMBER(SEARCH("|"&I13&"|",'5_ACOMPANHAMENTO'!$AC$3:$AC$4922)))+((J13<>"")*ISNUMBER(SEARCH("|"&J13&"|",'5_ACOMPANHAMENTO'!$AC$3:$AC$4922)))+((K13<>"")*ISNUMBER(SEARCH("|"&K13&"|",'5_ACOMPANHAMENTO'!$AC$3:$AC$4922)))+((L13<>"")*ISNUMBER(SEARCH("|"&L13&"|",'5_ACOMPANHAMENTO'!$AC$3:$AC$4922)))+((M13<>"")*ISNUMBER(SEARCH("|"&M13&"|",'5_ACOMPANHAMENTO'!$AC$3:$AC$4922)))+((N13<>"")*ISNUMBER(SEARCH("|"&N13&"|",'5_ACOMPANHAMENTO'!$AC$3:$AC$4922)))+((O13<>"")*ISNUMBER(SEARCH("|"&O13&"|",'5_ACOMPANHAMENTO'!$AC$3:$AC$4922)))+((P13<>"")*ISNUMBER(SEARCH("|"&P13&"|",'5_ACOMPANHAMENTO'!$AC$3:$AC$4922)))+((Q13<>"")*ISNUMBER(SEARCH("|"&Q13&"|",'5_ACOMPANHAMENTO'!$AC$3:$AC$4922)))+((R13<>"")*ISNUMBER(SEARCH("|"&R13&"|",'5_ACOMPANHAMENTO'!$AC$3:$AC$4922)))+((S13<>"")*ISNUMBER(SEARCH("|"&S13&"|",'5_ACOMPANHAMENTO'!$AC$3:$AC$4922)))+((T13<>"")*ISNUMBER(SEARCH("|"&T13&"|",'5_ACOMPANHAMENTO'!$AC$3:$AC$4922)))+((U13<>"")*ISNUMBER(SEARCH("|"&U13&"|",'5_ACOMPANHAMENTO'!$AC$3:$AC$4922)))+((V13<>"")*ISNUMBER(SEARCH("|"&V13&"|",'5_ACOMPANHAMENTO'!$AC$3:$AC$4922)))+((W13<>"")*ISNUMBER(SEARCH("|"&W13&"|",'5_ACOMPANHAMENTO'!$AC$3:$AC$4922)))+((X13<>"")*ISNUMBER(SEARCH("|"&X13&"|",'5_ACOMPANHAMENTO'!$AC$3:$AC$4922)))+((Y13<>"")*ISNUMBER(SEARCH("|"&Y13&"|",'5_ACOMPANHAMENTO'!$AC$3:$AC$4922)))+((Z13<>"")*ISNUMBER(SEARCH("|"&Z13&"|",'5_ACOMPANHAMENTO'!$AC$3:$AC$4922)))+((AA13<>"")*ISNUMBER(SEARCH("|"&AA13&"|",'5_ACOMPANHAMENTO'!$AC$3:$AC$4922)))+((AB13<>"")*ISNUMBER(SEARCH("|"&AB13&"|",'5_ACOMPANHAMENTO'!$AC$3:$AC$4922))))>0)),'5_ACOMPANHAMENTO'!$O$3:$O$4922),0)) | G13: =IF(OR($B13="",$C13=""),"",D13-F13) | H13: =IF(OR($B13="",$C13=""),"",TRIM($B13&"")&"|"&TRIM($C13&"")) | I13: =IF($B13="","",TRIM(MID(SUBSTITUTE(TRIM(SUBSTITUTE(SUBSTITUTE(SUBSTITUTE(SUBSTITUTE(SUBSTITUTE(SUBSTITUTE(SUBSTITUTE(SUBSTITUTE(SUBSTITUTE(SUBSTITUTE(SUBSTITUTE(SUBSTITUTE(SUBSTITUTE(SUBSTITUTE(TRIM($B13&""),CHAR(10)," "),CHAR(13)," "),"."," "),";"," "),","," "),"/"," "),"+"," "),"-"," ")," "," ")," "," ")," "," ")," "," ")," "," ")," "," "))," ",REPT(" ",99)),1,99))) | J13: =IF($B13="","",TRIM(MID(SUBSTITUTE(TRIM(SUBSTITUTE(SUBSTITUTE(SUBSTITUTE(SUBSTITUTE(SUBSTITUTE(SUBSTITUTE(SUBSTITUTE(SUBSTITUTE(SUBSTITUTE(SUBSTITUTE(SUBSTITUTE(SUBSTITUTE(SUBSTITUTE(SUBSTITUTE(TRIM($B13&""),CHAR(10)," "),CHAR(13)," "),"."," "),";"," "),","," "),"/"," "),"+"," "),"-"," ")," "," ")," "," ")," "," ")," "," ")," "," ")," "," "))," ",REPT(" ",99)),100,99))) | K13: =IF($B13="","",TRIM(MID(SUBSTITUTE(TRIM(SUBSTITUTE(SUBSTITUTE(SUBSTITUTE(SUBSTITUTE(SUBSTITUTE(SUBSTITUTE(SUBSTITUTE(SUBSTITUTE(SUBSTITUTE(SUBSTITUTE(SUBSTITUTE(SUBSTITUTE(SUBSTITUTE(SUBSTITUTE(TRIM($B13&""),CHAR(10)," "),CHAR(13)," "),"."," "),";"," "),","," "),"/"," "),"+"," "),"-"," ")," "," ")," "," ")," "," ")," "," ")," "," ")," "," "))," ",REPT(" ",99)),199,99))) | L13: =IF($B13="","",TRIM(MID(SUBSTITUTE(TRIM(SUBSTITUTE(SUBSTITUTE(SUBSTITUTE(SUBSTITUTE(SUBSTITUTE(SUBSTITUTE(SUBSTITUTE(SUBSTITUTE(SUBSTITUTE(SUBSTITUTE(SUBSTITUTE(SUBSTITUTE(SUBSTITUTE(SUBSTITUTE(TRIM($B13&""),CHAR(10)," "),CHAR(13)," "),"."," "),";"," "),","," "),"/"," "),"+"," "),"-"," ")," "," ")," "," ")," "," ")," "," ")," "," ")," "," "))," ",REPT(" ",99)),298,99))) | M13: =IF($B13="","",TRIM(MID(SUBSTITUTE(TRIM(SUBSTITUTE(SUBSTITUTE(SUBSTITUTE(SUBSTITUTE(SUBSTITUTE(SUBSTITUTE(SUBSTITUTE(SUBSTITUTE(SUBSTITUTE(SUBSTITUTE(SUBSTITUTE(SUBSTITUTE(SUBSTITUTE(SUBSTITUTE(TRIM($B13&""),CHAR(10)," "),CHAR(13)," "),"."," "),";"," "),","," "),"/"," "),"+"," "),"-"," ")," "," ")," "," ")," "," ")," "," ")," "," ")," "," "))," ",REPT(" ",99)),397,99))) | N13: =IF($B13="","",TRIM(MID(SUBSTITUTE(TRIM(SUBSTITUTE(SUBSTITUTE(SUBSTITUTE(SUBSTITUTE(SUBSTITUTE(SUBSTITUTE(SUBSTITUTE(SUBSTITUTE(SUBSTITUTE(SUBSTITUTE(SUBSTITUTE(SUBSTITUTE(SUBSTITUTE(SUBSTITUTE(TRIM($B13&""),CHAR(10)," "),CHAR(13)," "),"."," "),";"," "),","," "),"/"," "),"+"," "),"-"," ")," "," ")," "," ")," "," ")," "," ")," "," ")," "," "))," ",REPT(" ",99)),496,99))) | O13: =IF($B13="","",TRIM(MID(SUBSTITUTE(TRIM(SUBSTITUTE(SUBSTITUTE(SUBSTITUTE(SUBSTITUTE(SUBSTITUTE(SUBSTITUTE(SUBSTITUTE(SUBSTITUTE(SUBSTITUTE(SUBSTITUTE(SUBSTITUTE(SUBSTITUTE(SUBSTITUTE(SUBSTITUTE(TRIM($B13&""),CHAR(10)," "),CHAR(13)," "),"."," "),";"," "),","," "),"/"," "),"+"," "),"-"," ")," "," ")," "," ")," "," ")," "," ")," "," ")," "," "))," ",REPT(" ",99)),595,99))) | P13: =IF($B13="","",TRIM(MID(SUBSTITUTE(TRIM(SUBSTITUTE(SUBSTITUTE(SUBSTITUTE(SUBSTITUTE(SUBSTITUTE(SUBSTITUTE(SUBSTITUTE(SUBSTITUTE(SUBSTITUTE(SUBSTITUTE(SUBSTITUTE(SUBSTITUTE(SUBSTITUTE(SUBSTITUTE(TRIM($B13&""),CHAR(10)," "),CHAR(13)," "),"."," "),";"," "),","," "),"/"," "),"+"," "),"-"," ")," "," ")," "," ")," "," ")," "," ")," "," ")," "," "))," ",REPT(" ",99)),694,99))) | Q13: =IF($B13="","",TRIM(MID(SUBSTITUTE(TRIM(SUBSTITUTE(SUBSTITUTE(SUBSTITUTE(SUBSTITUTE(SUBSTITUTE(SUBSTITUTE(SUBSTITUTE(SUBSTITUTE(SUBSTITUTE(SUBSTITUTE(SUBSTITUTE(SUBSTITUTE(SUBSTITUTE(SUBSTITUTE(TRIM($B13&""),CHAR(10)," "),CHAR(13)," "),"."," "),";"," "),","," "),"/"," "),"+"," "),"-"," ")," "," ")," "," ")," "," ")," "," ")," "," ")," "," "))," ",REPT(" ",99)),793,99))) | R13: =IF($B13="","",TRIM(MID(SUBSTITUTE(TRIM(SUBSTITUTE(SUBSTITUTE(SUBSTITUTE(SUBSTITUTE(SUBSTITUTE(SUBSTITUTE(SUBSTITUTE(SUBSTITUTE(SUBSTITUTE(SUBSTITUTE(SUBSTITUTE(SUBSTITUTE(SUBSTITUTE(SUBSTITUTE(TRIM($B13&""),CHAR(10)," "),CHAR(13)," "),"."," "),";"," "),","," "),"/"," "),"+"," "),"-"," ")," "," ")," "," ")," "," ")," "," ")," "," ")," "," "))," ",REPT(" ",99)),892,99))) | S13: =IF($B13="","",TRIM(MID(SUBSTITUTE(TRIM(SUBSTITUTE(SUBSTITUTE(SUBSTITUTE(SUBSTITUTE(SUBSTITUTE(SUBSTITUTE(SUBSTITUTE(SUBSTITUTE(SUBSTITUTE(SUBSTITUTE(SUBSTITUTE(SUBSTITUTE(SUBSTITUTE(SUBSTITUTE(TRIM($B13&""),CHAR(10)," "),CHAR(13)," "),"."," "),";"," "),","," "),"/"," "),"+"," "),"-"," ")," "," ")," "," ")," "," ")," "," ")," "," ")," "," "))," ",REPT(" ",99)),991,99))) | T13: =IF($B13="","",TRIM(MID(SUBSTITUTE(TRIM(SUBSTITUTE(SUBSTITUTE(SUBSTITUTE(SUBSTITUTE(SUBSTITUTE(SUBSTITUTE(SUBSTITUTE(SUBSTITUTE(SUBSTITUTE(SUBSTITUTE(SUBSTITUTE(SUBSTITUTE(SUBSTITUTE(SUBSTITUTE(TRIM($B13&""),CHAR(10)," "),CHAR(13)," "),"."," "),";"," "),","," "),"/"," "),"+"," "),"-"," ")," "," ")," "," ")," "," ")," "," ")," "," ")," "," "))," ",REPT(" ",99)),1090,99))) | U13: =IF($B13="","",TRIM(MID(SUBSTITUTE(TRIM(SUBSTITUTE(SUBSTITUTE(SUBSTITUTE(SUBSTITUTE(SUBSTITUTE(SUBSTITUTE(SUBSTITUTE(SUBSTITUTE(SUBSTITUTE(SUBSTITUTE(SUBSTITUTE(SUBSTITUTE(SUBSTITUTE(SUBSTITUTE(TRIM($B13&""),CHAR(10)," "),CHAR(13)," "),"."," "),";"," "),","," "),"/"," "),"+"," "),"-"," ")," "," ")," "," ")," "," ")," "," ")," "," ")," "," "))," ",REPT(" ",99)),1189,99))) | V13: =IF($B13="","",TRIM(MID(SUBSTITUTE(TRIM(SUBSTITUTE(SUBSTITUTE(SUBSTITUTE(SUBSTITUTE(SUBSTITUTE(SUBSTITUTE(SUBSTITUTE(SUBSTITUTE(SUBSTITUTE(SUBSTITUTE(SUBSTITUTE(SUBSTITUTE(SUBSTITUTE(SUBSTITUTE(TRIM($B13&""),CHAR(10)," "),CHAR(13)," "),"."," "),";"," "),","," "),"/"," "),"+"," "),"-"," ")," "," ")," "," ")," "," ")," "," ")," "," ")," "," "))," ",REPT(" ",99)),1288,99))) | W13: =IF($B13="","",TRIM(MID(SUBSTITUTE(TRIM(SUBSTITUTE(SUBSTITUTE(SUBSTITUTE(SUBSTITUTE(SUBSTITUTE(SUBSTITUTE(SUBSTITUTE(SUBSTITUTE(SUBSTITUTE(SUBSTITUTE(SUBSTITUTE(SUBSTITUTE(SUBSTITUTE(SUBSTITUTE(TRIM($B13&""),CHAR(10)," "),CHAR(13)," "),"."," "),";"," "),","," "),"/"," "),"+"," "),"-"," ")," "," ")," "," ")," "," ")," "," ")," "," ")," "," "))," ",REPT(" ",99)),1387,99))) | X13: =IF($B13="","",TRIM(MID(SUBSTITUTE(TRIM(SUBSTITUTE(SUBSTITUTE(SUBSTITUTE(SUBSTITUTE(SUBSTITUTE(SUBSTITUTE(SUBSTITUTE(SUBSTITUTE(SUBSTITUTE(SUBSTITUTE(SUBSTITUTE(SUBSTITUTE(SUBSTITUTE(SUBSTITUTE(TRIM($B13&""),CHAR(10)," "),CHAR(13)," "),"."," "),";"," "),","," "),"/"," "),"+"," "),"-"," ")," "," ")," "," ")," "," ")," "," ")," "," ")," "," "))," ",REPT(" ",99)),1486,99))) | Y13: =IF($B13="","",TRIM(MID(SUBSTITUTE(TRIM(SUBSTITUTE(SUBSTITUTE(SUBSTITUTE(SUBSTITUTE(SUBSTITUTE(SUBSTITUTE(SUBSTITUTE(SUBSTITUTE(SUBSTITUTE(SUBSTITUTE(SUBSTITUTE(SUBSTITUTE(SUBSTITUTE(SUBSTITUTE(TRIM($B13&""),CHAR(10)," "),CHAR(13)," "),"."," "),";"," "),","," "),"/"," "),"+"," "),"-"," ")," "," ")," "," ")," "," ")," "," ")," "," ")," "," "))," ",REPT(" ",99)),1585,99))) | Z13: =IF($B13="","",TRIM(MID(SUBSTITUTE(TRIM(SUBSTITUTE(SUBSTITUTE(SUBSTITUTE(SUBSTITUTE(SUBSTITUTE(SUBSTITUTE(SUBSTITUTE(SUBSTITUTE(SUBSTITUTE(SUBSTITUTE(SUBSTITUTE(SUBSTITUTE(SUBSTITUTE(SUBSTITUTE(TRIM($B13&""),CHAR(10)," "),CHAR(13)," "),"."," "),";"," "),","," "),"/"," "),"+"," "),"-"," ")," "," ")," "," ")," "," ")," "," ")," "," ")," "," "))," ",REPT(" ",99)),1684,99))) | AA13: =IF($B13="","",TRIM(MID(SUBSTITUTE(TRIM(SUBSTITUTE(SUBSTITUTE(SUBSTITUTE(SUBSTITUTE(SUBSTITUTE(SUBSTITUTE(SUBSTITUTE(SUBSTITUTE(SUBSTITUTE(SUBSTITUTE(SUBSTITUTE(SUBSTITUTE(SUBSTITUTE(SUBSTITUTE(TRIM($B13&""),CHAR(10)," "),CHAR(13)," "),"."," "),";"," "),","," "),"/"," "),"+"," "),"-"," ")," "," ")," "," ")," "," ")," "," ")," "," ")," "," "))," ",REPT(" ",99)),1783,99))) | AB13: =IF($B13="","",TRIM(MID(SUBSTITUTE(TRIM(SUBSTITUTE(SUBSTITUTE(SUBSTITUTE(SUBSTITUTE(SUBSTITUTE(SUBSTITUTE(SUBSTITUTE(SUBSTITUTE(SUBSTITUTE(SUBSTITUTE(SUBSTITUTE(SUBSTITUTE(SUBSTITUTE(SUBSTITUTE(TRIM($B13&""),CHAR(10)," "),CHAR(13)," "),"."," "),";"," "),","," "),"/"," "),"+"," "),"-"," ")," "," ")," "," ")," "," ")," "," ")," "," ")," "," "))," ",REPT(" ",99)),1882,99)))
... A74: =IF(OR($B74="",$C74=""),"",IFERROR(INDEX('5_ACOMPANHAMENTO'!$A$3:$A$4922,MATCH(1,INDEX(('5_ACOMPANHAMENTO'!$AD$3:$AD$4922=TRIM($C74&""))*('5_ACOMPANHAMENTO'!$AC$3:$AC$4922<>"")*((((I74<>"")*ISNUMBER(SEARCH("|"&I74&"|",'5_ACOMPANHAMENTO'!$AC$3:$AC$4922)))+((J74<>"")*ISNUMBER(SEARCH("|"&J74&"|",'5_ACOMPANHAMENTO'!$AC$3:$AC$4922)))+((K74<>"")*ISNUMBER(SEARCH("|"&K74&"|",'5_ACOMPANHAMENTO'!$AC$3:$AC$4922)))+((L74<>"")*ISNUMBER(SEARCH("|"&L74&"|",'5_ACOMPANHAMENTO'!$AC$3:$AC$4922)))+((M74<>"")*ISNUMBER(SEARCH("|"&M74&"|",'5_ACOMPANHAMENTO'!$AC$3:$AC$4922)))+((N74<>"")*ISNUMBER(SEARCH("|"&N74&"|",'5_ACOMPANHAMENTO'!$AC$3:$AC$4922)))+((O74<>"")*ISNUMBER(SEARCH("|"&O74&"|",'5_ACOMPANHAMENTO'!$AC$3:$AC$4922)))+((P74<>"")*ISNUMBER(SEARCH("|"&P74&"|",'5_ACOMPANHAMENTO'!$AC$3:$AC$4922)))+((Q74<>"")*ISNUMBER(SEARCH("|"&Q74&"|",'5_ACOMPANHAMENTO'!$AC$3:$AC$4922)))+((R74<>"")*ISNUMBER(SEARCH("|"&R74&"|",'5_ACOMPANHAMENTO'!$AC$3:$AC$4922)))+((S74<>"")*ISNUMBER(SEARCH("|"&S74&"|",'5_ACOMPANHAMENTO'!$AC$3:$AC$4922)))+((T74<>"")*ISNUMBER(SEARCH("|"&T74&"|",'5_ACOMPANHAMENTO'!$AC$3:$AC$4922)))+((U74<>"")*ISNUMBER(SEARCH("|"&U74&"|",'5_ACOMPANHAMENTO'!$AC$3:$AC$4922)))+((V74<>"")*ISNUMBER(SEARCH("|"&V74&"|",'5_ACOMPANHAMENTO'!$AC$3:$AC$4922)))+((W74<>"")*ISNUMBER(SEARCH("|"&W74&"|",'5_ACOMPANHAMENTO'!$AC$3:$AC$4922)))+((X74<>"")*ISNUMBER(SEARCH("|"&X74&"|",'5_ACOMPANHAMENTO'!$AC$3:$AC$4922)))+((Y74<>"")*ISNUMBER(SEARCH("|"&Y74&"|",'5_ACOMPANHAMENTO'!$AC$3:$AC$4922)))+((Z74<>"")*ISNUMBER(SEARCH("|"&Z74&"|",'5_ACOMPANHAMENTO'!$AC$3:$AC$4922)))+((AA74<>"")*ISNUMBER(SEARCH("|"&AA74&"|",'5_ACOMPANHAMENTO'!$AC$3:$AC$4922)))+((AB74<>"")*ISNUMBER(SEARCH("|"&AB74&"|",'5_ACOMPANHAMENTO'!$AC$3:$AC$4922))))>0),0),0)),"")) | B74: 10163 | C74: CARTONAGEM | D74: =IF(OR($B74="",$C74=""),"",IFERROR(SUMPRODUCT(--(('5_ACOMPANHAMENTO'!$AD$3:$AD$4922=TRIM($C74&""))*('5_ACOMPANHAMENTO'!$AC$3:$AC$4922<>"")*((((I74<>"")*ISNUMBER(SEARCH("|"&I74&"|",'5_ACOMPANHAMENTO'!$AC$3:$AC$4922)))+((J74<>"")*ISNUMBER(SEARCH("|"&J74&"|",'5_ACOMPANHAMENTO'!$AC$3:$AC$4922)))+((K74<>"")*ISNUMBER(SEARCH("|"&K74&"|",'5_ACOMPANHAMENTO'!$AC$3:$AC$4922)))+((L74<>"")*ISNUMBER(SEARCH("|"&L74&"|",'5_ACOMPANHAMENTO'!$AC$3:$AC$4922)))+((M74<>"")*ISNUMBER(SEARCH("|"&M74&"|",'5_ACOMPANHAMENTO'!$AC$3:$AC$4922)))+((N74<>"")*ISNUMBER(SEARCH("|"&N74&"|",'5_ACOMPANHAMENTO'!$AC$3:$AC$4922)))+((O74<>"")*ISNUMBER(SEARCH("|"&O74&"|",'5_ACOMPANHAMENTO'!$AC$3:$AC$4922)))+((P74<>"")*ISNUMBER(SEARCH("|"&P74&"|",'5_ACOMPANHAMENTO'!$AC$3:$AC$4922)))+((Q74<>"")*ISNUMBER(SEARCH("|"&Q74&"|",'5_ACOMPANHAMENTO'!$AC$3:$AC$4922)))+((R74<>"")*ISNUMBER(SEARCH("|"&R74&"|",'5_ACOMPANHAMENTO'!$AC$3:$AC$4922)))+((S74<>"")*ISNUMBER(SEARCH("|"&S74&"|",'5_ACOMPANHAMENTO'!$AC$3:$AC$4922)))+((T74<>"")*ISNUMBER(SEARCH("|"&T74&"|",'5_ACOMPANHAMENTO'!$AC$3:$AC$4922)))+((U74<>"")*ISNUMBER(SEARCH("|"&U74&"|",'5_ACOMPANHAMENTO'!$AC$3:$AC$4922)))+((V74<>"")*ISNUMBER(SEARCH("|"&V74&"|",'5_ACOMPANHAMENTO'!$AC$3:$AC$4922)))+((W74<>"")*ISNUMBER(SEARCH("|"&W74&"|",'5_ACOMPANHAMENTO'!$AC$3:$AC$4922)))+((X74<>"")*ISNUMBER(SEARCH("|"&X74&"|",'5_ACOMPANHAMENTO'!$AC$3:$AC$4922)))+((Y74<>"")*ISNUMBER(SEARCH("|"&Y74&"|",'5_ACOMPANHAMENTO'!$AC$3:$AC$4922)))+((Z74<>"")*ISNUMBER(SEARCH("|"&Z74&"|",'5_ACOMPANHAMENTO'!$AC$3:$AC$4922)))+((AA74<>"")*ISNUMBER(SEARCH("|"&AA74&"|",'5_ACOMPANHAMENTO'!$AC$3:$AC$4922)))+((AB74<>"")*ISNUMBER(SEARCH("|"&AB74&"|",'5_ACOMPANHAMENTO'!$AC$3:$AC$4922))))>0)),'5_ACOMPANHAMENTO'!$J$3:$J$4922),0)) | E74: =IF(G74=0,"FINALIZADO",IF(TODAY()>A74,"ATRASADO "&TODAY()-A74&" DIAS","ADIANTADO "&A74-TODAY()&" DIAS")) | F74: =IF(OR($B74="",$C74=""),"",IFERROR(SUMPRODUCT(--(('5_ACOMPANHAMENTO'!$AD$3:$AD$4922=TRIM($C74&""))*('5_ACOMPANHAMENTO'!$AC$3:$AC$4922<>"")*((((I74<>"")*ISNUMBER(SEARCH("|"&I74&"|",'5_ACOMPANHAMENTO'!$AC$3:$AC$4922)))+((J74<>"")*ISNUMBER(SEARCH("|"&J74&"|",'5_ACOMPANHAMENTO'!$AC$3:$AC$4922)))+((K74<>"")*ISNUMBER(SEARCH("|"&K74&"|",'5_ACOMPANHAMENTO'!$AC$3:$AC$4922)))+((L74<>"")*ISNUMBER(SEARCH("|"&L74&"|",'5_ACOMPANHAMENTO'!$AC$3:$AC$4922)))+((M74<>"")*ISNUMBER(SEARCH("|"&M74&"|",'5_ACOMPANHAMENTO'!$AC$3:$AC$4922)))+((N74<>"")*ISNUMBER(SEARCH("|"&N74&"|",'5_ACOMPANHAMENTO'!$AC$3:$AC$4922)))+((O74<>"")*ISNUMBER(SEARCH("|"&O74&"|",'5_ACOMPANHAMENTO'!$AC$3:$AC$4922)))+((P74<>"")*ISNUMBER(SEARCH("|"&P74&"|",'5_ACOMPANHAMENTO'!$AC$3:$AC$4922)))+((Q74<>"")*ISNUMBER(SEARCH("|"&Q74&"|",'5_ACOMPANHAMENTO'!$AC$3:$AC$4922)))+((R74<>"")*ISNUMBER(SEARCH("|"&R74&"|",'5_ACOMPANHAMENTO'!$AC$3:$AC$4922)))+((S74<>"")*ISNUMBER(SEARCH("|"&S74&"|",'5_ACOMPANHAMENTO'!$AC$3:$AC$4922)))+((T74<>"")*ISNUMBER(SEARCH("|"&T74&"|",'5_ACOMPANHAMENTO'!$AC$3:$AC$4922)))+((U74<>"")*ISNUMBER(SEARCH("|"&U74&"|",'5_ACOMPANHAMENTO'!$AC$3:$AC$4922)))+((V74<>"")*ISNUMBER(SEARCH("|"&V74&"|",'5_ACOMPANHAMENTO'!$AC$3:$AC$4922)))+((W74<>"")*ISNUMBER(SEARCH("|"&W74&"|",'5_ACOMPANHAMENTO'!$AC$3:$AC$4922)))+((X74<>"")*ISNUMBER(SEARCH("|"&X74&"|",'5_ACOMPANHAMENTO'!$AC$3:$AC$4922)))+((Y74<>"")*ISNUMBER(SEARCH("|"&Y74&"|",'5_ACOMPANHAMENTO'!$AC$3:$AC$4922)))+((Z74<>"")*ISNUMBER(SEARCH("|"&Z74&"|",'5_ACOMPANHAMENTO'!$AC$3:$AC$4922)))+((AA74<>"")*ISNUMBER(SEARCH("|"&AA74&"|",'5_ACOMPANHAMENTO'!$AC$3:$AC$4922)))+((AB74<>"")*ISNUMBER(SEARCH("|"&AB74&"|",'5_ACOMPANHAMENTO'!$AC$3:$AC$4922))))>0)),'5_ACOMPANHAMENTO'!$O$3:$O$4922),0)) | G74: =IF(OR($B74="",$C74=""),"",D74-F74) | H74: =IF(OR($B74="",$C74=""),"",TRIM($B74&"")&"|"&TRIM($C74&"")) | I74: =IF($B74="","",TRIM(MID(SUBSTITUTE(TRIM(SUBSTITUTE(SUBSTITUTE(SUBSTITUTE(SUBSTITUTE(SUBSTITUTE(SUBSTITUTE(SUBSTITUTE(SUBSTITUTE(SUBSTITUTE(SUBSTITUTE(SUBSTITUTE(SUBSTITUTE(SUBSTITUTE(SUBSTITUTE(TRIM($B74&""),CHAR(10)," "),CHAR(13)," "),"."," "),";"," "),","," "),"/"," "),"+"," "),"-"," ")," "," ")," "," ")," "," ")," "," ")," "," ")," "," "))," ",REPT(" ",99)),1,99))) | J74: =IF($B74="","",TRIM(MID(SUBSTITUTE(TRIM(SUBSTITUTE(SUBSTITUTE(SUBSTITUTE(SUBSTITUTE(SUBSTITUTE(SUBSTITUTE(SUBSTITUTE(SUBSTITUTE(SUBSTITUTE(SUBSTITUTE(SUBSTITUTE(SUBSTITUTE(SUBSTITUTE(SUBSTITUTE(TRIM($B74&""),CHAR(10)," "),CHAR(13)," "),"."," "),";"," "),","," "),"/"," "),"+"," "),"-"," ")," "," ")," "," ")," "," ")," "," ")," "," ")," "," "))," ",REPT(" ",99)),100,99))) | K74: =IF($B74="","",TRIM(MID(SUBSTITUTE(TRIM(SUBSTITUTE(SUBSTITUTE(SUBSTITUTE(SUBSTITUTE(SUBSTITUTE(SUBSTITUTE(SUBSTITUTE(SUBSTITUTE(SUBSTITUTE(SUBSTITUTE(SUBSTITUTE(SUBSTITUTE(SUBSTITUTE(SUBSTITUTE(TRIM($B74&""),CHAR(10)," "),CHAR(13)," "),"."," "),";"," "),","," "),"/"," "),"+"," "),"-"," ")," "," ")," "," ")," "," ")," "," ")," "," ")," "," "))," ",REPT(" ",99)),199,99))) | L74: =IF($B74="","",TRIM(MID(SUBSTITUTE(TRIM(SUBSTITUTE(SUBSTITUTE(SUBSTITUTE(SUBSTITUTE(SUBSTITUTE(SUBSTITUTE(SUBSTITUTE(SUBSTITUTE(SUBSTITUTE(SUBSTITUTE(SUBSTITUTE(SUBSTITUTE(SUBSTITUTE(SUBSTITUTE(TRIM($B74&""),CHAR(10)," "),CHAR(13)," "),"."," "),";"," "),","," "),"/"," "),"+"," "),"-"," ")," "," ")," "," ")," "," ")," "," ")," "," ")," "," "))," ",REPT(" ",99)),298,99))) | M74: =IF($B74="","",TRIM(MID(SUBSTITUTE(TRIM(SUBSTITUTE(SUBSTITUTE(SUBSTITUTE(SUBSTITUTE(SUBSTITUTE(SUBSTITUTE(SUBSTITUTE(SUBSTITUTE(SUBSTITUTE(SUBSTITUTE(SUBSTITUTE(SUBSTITUTE(SUBSTITUTE(SUBSTITUTE(TRIM($B74&""),CHAR(10)," "),CHAR(13)," "),"."," "),";"," "),","," "),"/"," "),"+"," "),"-"," ")," "," ")," "," ")," "," ")," "," ")," "," ")," "," "))," ",REPT(" ",99)),397,99))) | N74: =IF($B74="","",TRIM(MID(SUBSTITUTE(TRIM(SUBSTITUTE(SUBSTITUTE(SUBSTITUTE(SUBSTITUTE(SUBSTITUTE(SUBSTITUTE(SUBSTITUTE(SUBSTITUTE(SUBSTITUTE(SUBSTITUTE(SUBSTITUTE(SUBSTITUTE(SUBSTITUTE(SUBSTITUTE(TRIM($B74&""),CHAR(10)," "),CHAR(13)," "),"."," "),";"," "),","," "),"/"," "),"+"," "),"-"," ")," "," ")," "," ")," "," ")," "," ")," "," ")," "," "))," ",REPT(" ",99)),496,99))) | O74: =IF($B74="","",TRIM(MID(SUBSTITUTE(TRIM(SUBSTITUTE(SUBSTITUTE(SUBSTITUTE(SUBSTITUTE(SUBSTITUTE(SUBSTITUTE(SUBSTITUTE(SUBSTITUTE(SUBSTITUTE(SUBSTITUTE(SUBSTITUTE(SUBSTITUTE(SUBSTITUTE(SUBSTITUTE(TRIM($B74&""),CHAR(10)," "),CHAR(13)," "),"."," "),";"," "),","," "),"/"," "),"+"," "),"-"," ")," "," ")," "," ")," "," ")," "," ")," "," ")," "," "))," ",REPT(" ",99)),595,99))) | P74: =IF($B74="","",TRIM(MID(SUBSTITUTE(TRIM(SUBSTITUTE(SUBSTITUTE(SUBSTITUTE(SUBSTITUTE(SUBSTITUTE(SUBSTITUTE(SUBSTITUTE(SUBSTITUTE(SUBSTITUTE(SUBSTITUTE(SUBSTITUTE(SUBSTITUTE(SUBSTITUTE(SUBSTITUTE(TRIM($B74&""),CHAR(10)," "),CHAR(13)," "),"."," "),";"," "),","," "),"/"," "),"+"," "),"-"," ")," "," ")," "," ")," "," ")," "," ")," "," ")," "," "))," ",REPT(" ",99)),694,99))) | Q74: =IF($B74="","",TRIM(MID(SUBSTITUTE(TRIM(SUBSTITUTE(SUBSTITUTE(SUBSTITUTE(SUBSTITUTE(SUBSTITUTE(SUBSTITUTE(SUBSTITUTE(SUBSTITUTE(SUBSTITUTE(SUBSTITUTE(SUBSTITUTE(SUBSTITUTE(SUBSTITUTE(SUBSTITUTE(TRIM($B74&""),CHAR(10)," "),CHAR(13)," "),"."," "),";"," "),","," "),"/"," "),"+"," "),"-"," ")," "," ")," "," ")," "," ")," "," ")," "," ")," "," "))," ",REPT(" ",99)),793,99))) | R74: =IF($B74="","",TRIM(MID(SUBSTITUTE(TRIM(SUBSTITUTE(SUBSTITUTE(SUBSTITUTE(SUBSTITUTE(SUBSTITUTE(SUBSTITUTE(SUBSTITUTE(SUBSTITUTE(SUBSTITUTE(SUBSTITUTE(SUBSTITUTE(SUBSTITUTE(SUBSTITUTE(SUBSTITUTE(TRIM($B74&""),CHAR(10)," "),CHAR(13)," "),"."," "),";"," "),","," "),"/"," "),"+"," "),"-"," ")," "," ")," "," ")," "," ")," "," ")," "," ")," "," "))," ",REPT(" ",99)),892,99))) | S74: =IF($B74="","",TRIM(MID(SUBSTITUTE(TRIM(SUBSTITUTE(SUBSTITUTE(SUBSTITUTE(SUBSTITUTE(SUBSTITUTE(SUBSTITUTE(SUBSTITUTE(SUBSTITUTE(SUBSTITUTE(SUBSTITUTE(SUBSTITUTE(SUBSTITUTE(SUBSTITUTE(SUBSTITUTE(TRIM($B74&""),CHAR(10)," "),CHAR(13)," "),"."," "),";"," "),","," "),"/"," "),"+"," "),"-"," ")," "," ")," "," ")," "," ")," "," ")," "," ")," "," "))," ",REPT(" ",99)),991,99))) | T74: =IF($B74="","",TRIM(MID(SUBSTITUTE(TRIM(SUBSTITUTE(SUBSTITUTE(SUBSTITUTE(SUBSTITUTE(SUBSTITUTE(SUBSTITUTE(SUBSTITUTE(SUBSTITUTE(SUBSTITUTE(SUBSTITUTE(SUBSTITUTE(SUBSTITUTE(SUBSTITUTE(SUBSTITUTE(TRIM($B74&""),CHAR(10)," "),CHAR(13)," "),"."," "),";"," "),","," "),"/"," "),"+"," "),"-"," ")," "," ")," "," ")," "," ")," "," ")," "," ")," "," "))," ",REPT(" ",99)),1090,99))) | U74: =IF($B74="","",TRIM(MID(SUBSTITUTE(TRIM(SUBSTITUTE(SUBSTITUTE(SUBSTITUTE(SUBSTITUTE(SUBSTITUTE(SUBSTITUTE(SUBSTITUTE(SUBSTITUTE(SUBSTITUTE(SUBSTITUTE(SUBSTITUTE(SUBSTITUTE(SUBSTITUTE(SUBSTITUTE(TRIM($B74&""),CHAR(10)," "),CHAR(13)," "),"."," "),";"," "),","," "),"/"," "),"+"," "),"-"," ")," "," ")," "," ")," "," ")," "," ")," "," ")," "," "))," ",REPT(" ",99)),1189,99))) | V74: =IF($B74="","",TRIM(MID(SUBSTITUTE(TRIM(SUBSTITUTE(SUBSTITUTE(SUBSTITUTE(SUBSTITUTE(SUBSTITUTE(SUBSTITUTE(SUBSTITUTE(SUBSTITUTE(SUBSTITUTE(SUBSTITUTE(SUBSTITUTE(SUBSTITUTE(SUBSTITUTE(SUBSTITUTE(TRIM($B74&""),CHAR(10)," "),CHAR(13)," "),"."," "),";"," "),","," "),"/"," "),"+"," "),"-"," ")," "," ")," "," ")," "," ")," "," ")," "," ")," "," "))," ",REPT(" ",99)),1288,99))) | W74: =IF($B74="","",TRIM(MID(SUBSTITUTE(TRIM(SUBSTITUTE(SUBSTITUTE(SUBSTITUTE(SUBSTITUTE(SUBSTITUTE(SUBSTITUTE(SUBSTITUTE(SUBSTITUTE(SUBSTITUTE(SUBSTITUTE(SUBSTITUTE(SUBSTITUTE(SUBSTITUTE(SUBSTITUTE(TRIM($B74&""),CHAR(10)," "),CHAR(13)," "),"."," "),";"," "),","," "),"/"," "),"+"," "),"-"," ")," "," ")," "," ")," "," ")," "," ")," "," ")," "," "))," ",REPT(" ",99)),1387,99))) | X74: =IF($B74="","",TRIM(MID(SUBSTITUTE(TRIM(SUBSTITUTE(SUBSTITUTE(SUBSTITUTE(SUBSTITUTE(SUBSTITUTE(SUBSTITUTE(SUBSTITUTE(SUBSTITUTE(SUBSTITUTE(SUBSTITUTE(SUBSTITUTE(SUBSTITUTE(SUBSTITUTE(SUBSTITUTE(TRIM($B74&""),CHAR(10)," "),CHAR(13)," "),"."," "),";"," "),","," "),"/"," "),"+"," "),"-"," ")," "," ")," "," ")," "," ")," "," ")," "," ")," "," "))," ",REPT(" ",99)),1486,99))) | Y74: =IF($B74="","",TRIM(MID(SUBSTITUTE(TRIM(SUBSTITUTE(SUBSTITUTE(SUBSTITUTE(SUBSTITUTE(SUBSTITUTE(SUBSTITUTE(SUBSTITUTE(SUBSTITUTE(SUBSTITUTE(SUBSTITUTE(SUBSTITUTE(SUBSTITUTE(SUBSTITUTE(SUBSTITUTE(TRIM($B74&""),CHAR(10)," "),CHAR(13)," "),"."," "),";"," "),","," "),"/"," "),"+"," "),"-"," ")," "," ")," "," ")," "," ")," "," ")," "," ")," "," "))," ",REPT(" ",99)),1585,99))) | Z74: =IF($B74="","",TRIM(MID(SUBSTITUTE(TRIM(SUBSTITUTE(SUBSTITUTE(SUBSTITUTE(SUBSTITUTE(SUBSTITUTE(SUBSTITUTE(SUBSTITUTE(SUBSTITUTE(SUBSTITUTE(SUBSTITUTE(SUBSTITUTE(SUBSTITUTE(SUBSTITUTE(SUBSTITUTE(TRIM($B74&""),CHAR(10)," "),CHAR(13)," "),"."," "),";"," "),","," "),"/"," "),"+"," "),"-"," ")," "," ")," "," ")," "," ")," "," ")," "," ")," "," "))," ",REPT(" ",99)),1684,99))) | AA74: =IF($B74="","",TRIM(MID(SUBSTITUTE(TRIM(SUBSTITUTE(SUBSTITUTE(SUBSTITUTE(SUBSTITUTE(SUBSTITUTE(SUBSTITUTE(SUBSTITUTE(SUBSTITUTE(SUBSTITUTE(SUBSTITUTE(SUBSTITUTE(SUBSTITUTE(SUBSTITUTE(SUBSTITUTE(TRIM($B74&""),CHAR(10)," "),CHAR(13)," "),"."," "),";"," "),","," "),"/"," "),"+"," "),"-"," ")," "," ")," "," ")," "," ")," "," ")," "," ")," "," "))," ",REPT(" ",99)),1783,99))) | AB74: =IF($B74="","",TRIM(MID(SUBSTITUTE(TRIM(SUBSTITUTE(SUBSTITUTE(SUBSTITUTE(SUBSTITUTE(SUBSTITUTE(SUBSTITUTE(SUBSTITUTE(SUBSTITUTE(SUBSTITUTE(SUBSTITUTE(SUBSTITUTE(SUBSTITUTE(SUBSTITUTE(SUBSTITUTE(TRIM($B74&""),CHAR(10)," "),CHAR(13)," "),"."," "),";"," "),","," "),"/"," "),"+"," "),"-"," ")," "," ")," "," ")," "," ")," "," ")," "," ")," "," "))," ",REPT(" ",99)),1882,99)))
A75: =IF(OR($B75="",$C75=""),"",IFERROR(INDEX('5_ACOMPANHAMENTO'!$A$3:$A$4922,MATCH(1,INDEX(('5_ACOMPANHAMENTO'!$AD$3:$AD$4922=TRIM($C75&""))*('5_ACOMPANHAMENTO'!$AC$3:$AC$4922<>"")*((((I75<>"")*ISNUMBER(SEARCH("|"&I75&"|",'5_ACOMPANHAMENTO'!$AC$3:$AC$4922)))+((J75<>"")*ISNUMBER(SEARCH("|"&J75&"|",'5_ACOMPANHAMENTO'!$AC$3:$AC$4922)))+((K75<>"")*ISNUMBER(SEARCH("|"&K75&"|",'5_ACOMPANHAMENTO'!$AC$3:$AC$4922)))+((L75<>"")*ISNUMBER(SEARCH("|"&L75&"|",'5_ACOMPANHAMENTO'!$AC$3:$AC$4922)))+((M75<>"")*ISNUMBER(SEARCH("|"&M75&"|",'5_ACOMPANHAMENTO'!$AC$3:$AC$4922)))+((N75<>"")*ISNUMBER(SEARCH("|"&N75&"|",'5_ACOMPANHAMENTO'!$AC$3:$AC$4922)))+((O75<>"")*ISNUMBER(SEARCH("|"&O75&"|",'5_ACOMPANHAMENTO'!$AC$3:$AC$4922)))+((P75<>"")*ISNUMBER(SEARCH("|"&P75&"|",'5_ACOMPANHAMENTO'!$AC$3:$AC$4922)))+((Q75<>"")*ISNUMBER(SEARCH("|"&Q75&"|",'5_ACOMPANHAMENTO'!$AC$3:$AC$4922)))+((R75<>"")*ISNUMBER(SEARCH("|"&R75&"|",'5_ACOMPANHAMENTO'!$AC$3:$AC$4922)))+((S75<>"")*ISNUMBER(SEARCH("|"&S75&"|",'5_ACOMPANHAMENTO'!$AC$3:$AC$4922)))+((T75<>"")*ISNUMBER(SEARCH("|"&T75&"|",'5_ACOMPANHAMENTO'!$AC$3:$AC$4922)))+((U75<>"")*ISNUMBER(SEARCH("|"&U75&"|",'5_ACOMPANHAMENTO'!$AC$3:$AC$4922)))+((V75<>"")*ISNUMBER(SEARCH("|"&V75&"|",'5_ACOMPANHAMENTO'!$AC$3:$AC$4922)))+((W75<>"")*ISNUMBER(SEARCH("|"&W75&"|",'5_ACOMPANHAMENTO'!$AC$3:$AC$4922)))+((X75<>"")*ISNUMBER(SEARCH("|"&X75&"|",'5_ACOMPANHAMENTO'!$AC$3:$AC$4922)))+((Y75<>"")*ISNUMBER(SEARCH("|"&Y75&"|",'5_ACOMPANHAMENTO'!$AC$3:$AC$4922)))+((Z75<>"")*ISNUMBER(SEARCH("|"&Z75&"|",'5_ACOMPANHAMENTO'!$AC$3:$AC$4922)))+((AA75<>"")*ISNUMBER(SEARCH("|"&AA75&"|",'5_ACOMPANHAMENTO'!$AC$3:$AC$4922)))+((AB75<>"")*ISNUMBER(SEARCH("|"&AB75&"|",'5_ACOMPANHAMENTO'!$AC$3:$AC$4922))))>0),0),0)),"")) | B75: 10163, 10147 | C75: SECCIONADORA 10 | D75: =IF(OR($B75="",$C75=""),"",IFERROR(SUMPRODUCT(--(('5_ACOMPANHAMENTO'!$AD$3:$AD$4922=TRIM($C75&""))*('5_ACOMPANHAMENTO'!$AC$3:$AC$4922<>"")*((((I75<>"")*ISNUMBER(SEARCH("|"&I75&"|",'5_ACOMPANHAMENTO'!$AC$3:$AC$4922)))+((J75<>"")*ISNUMBER(SEARCH("|"&J75&"|",'5_ACOMPANHAMENTO'!$AC$3:$AC$4922)))+((K75<>"")*ISNUMBER(SEARCH("|"&K75&"|",'5_ACOMPANHAMENTO'!$AC$3:$AC$4922)))+((L75<>"")*ISNUMBER(SEARCH("|"&L75&"|",'5_ACOMPANHAMENTO'!$AC$3:$AC$4922)))+((M75<>"")*ISNUMBER(SEARCH("|"&M75&"|",'5_ACOMPANHAMENTO'!$AC$3:$AC$4922)))+((N75<>"")*ISNUMBER(SEARCH("|"&N75&"|",'5_ACOMPANHAMENTO'!$AC$3:$AC$4922)))+((O75<>"")*ISNUMBER(SEARCH("|"&O75&"|",'5_ACOMPANHAMENTO'!$AC$3:$AC$4922)))+((P75<>"")*ISNUMBER(SEARCH("|"&P75&"|",'5_ACOMPANHAMENTO'!$AC$3:$AC$4922)))+((Q75<>"")*ISNUMBER(SEARCH("|"&Q75&"|",'5_ACOMPANHAMENTO'!$AC$3:$AC$4922)))+((R75<>"")*ISNUMBER(SEARCH("|"&R75&"|",'5_ACOMPANHAMENTO'!$AC$3:$AC$4922)))+((S75<>"")*ISNUMBER(SEARCH("|"&S75&"|",'5_ACOMPANHAMENTO'!$AC$3:$AC$4922)))+((T75<>"")*ISNUMBER(SEARCH("|"&T75&"|",'5_ACOMPANHAMENTO'!$AC$3:$AC$4922)))+((U75<>"")*ISNUMBER(SEARCH("|"&U75&"|",'5_ACOMPANHAMENTO'!$AC$3:$AC$4922)))+((V75<>"")*ISNUMBER(SEARCH("|"&V75&"|",'5_ACOMPANHAMENTO'!$AC$3:$AC$4922)))+((W75<>"")*ISNUMBER(SEARCH("|"&W75&"|",'5_ACOMPANHAMENTO'!$AC$3:$AC$4922)))+((X75<>"")*ISNUMBER(SEARCH("|"&X75&"|",'5_ACOMPANHAMENTO'!$AC$3:$AC$4922)))+((Y75<>"")*ISNUMBER(SEARCH("|"&Y75&"|",'5_ACOMPANHAMENTO'!$AC$3:$AC$4922)))+((Z75<>"")*ISNUMBER(SEARCH("|"&Z75&"|",'5_ACOMPANHAMENTO'!$AC$3:$AC$4922)))+((AA75<>"")*ISNUMBER(SEARCH("|"&AA75&"|",'5_ACOMPANHAMENTO'!$AC$3:$AC$4922)))+((AB75<>"")*ISNUMBER(SEARCH("|"&AB75&"|",'5_ACOMPANHAMENTO'!$AC$3:$AC$4922))))>0)),'5_ACOMPANHAMENTO'!$J$3:$J$4922),0)) | E75: =IF(G75=0,"FINALIZADO",IF(TODAY()>A75,"ATRASADO "&TODAY()-A75&" DIAS","ADIANTADO "&A75-TODAY()&" DIAS")) | F75: =IF(OR($B75="",$C75=""),"",IFERROR(SUMPRODUCT(--(('5_ACOMPANHAMENTO'!$AD$3:$AD$4922=TRIM($C75&""))*('5_ACOMPANHAMENTO'!$AC$3:$AC$4922<>"")*((((I75<>"")*ISNUMBER(SEARCH("|"&I75&"|",'5_ACOMPANHAMENTO'!$AC$3:$AC$4922)))+((J75<>"")*ISNUMBER(SEARCH("|"&J75&"|",'5_ACOMPANHAMENTO'!$AC$3:$AC$4922)))+((K75<>"")*ISNUMBER(SEARCH("|"&K75&"|",'5_ACOMPANHAMENTO'!$AC$3:$AC$4922)))+((L75<>"")*ISNUMBER(SEARCH("|"&L75&"|",'5_ACOMPANHAMENTO'!$AC$3:$AC$4922)))+((M75<>"")*ISNUMBER(SEARCH("|"&M75&"|",'5_ACOMPANHAMENTO'!$AC$3:$AC$4922)))+((N75<>"")*ISNUMBER(SEARCH("|"&N75&"|",'5_ACOMPANHAMENTO'!$AC$3:$AC$4922)))+((O75<>"")*ISNUMBER(SEARCH("|"&O75&"|",'5_ACOMPANHAMENTO'!$AC$3:$AC$4922)))+((P75<>"")*ISNUMBER(SEARCH("|"&P75&"|",'5_ACOMPANHAMENTO'!$AC$3:$AC$4922)))+((Q75<>"")*ISNUMBER(SEARCH("|"&Q75&"|",'5_ACOMPANHAMENTO'!$AC$3:$AC$4922)))+((R75<>"")*ISNUMBER(SEARCH("|"&R75&"|",'5_ACOMPANHAMENTO'!$AC$3:$AC$4922)))+((S75<>"")*ISNUMBER(SEARCH("|"&S75&"|",'5_ACOMPANHAMENTO'!$AC$3:$AC$4922)))+((T75<>"")*ISNUMBER(SEARCH("|"&T75&"|",'5_ACOMPANHAMENTO'!$AC$3:$AC$4922)))+((U75<>"")*ISNUMBER(SEARCH("|"&U75&"|",'5_ACOMPANHAMENTO'!$AC$3:$AC$4922)))+((V75<>"")*ISNUMBER(SEARCH("|"&V75&"|",'5_ACOMPANHAMENTO'!$AC$3:$AC$4922)))+((W75<>"")*ISNUMBER(SEARCH("|"&W75&"|",'5_ACOMPANHAMENTO'!$AC$3:$AC$4922)))+((X75<>"")*ISNUMBER(SEARCH("|"&X75&"|",'5_ACOMPANHAMENTO'!$AC$3:$AC$4922)))+((Y75<>"")*ISNUMBER(SEARCH("|"&Y75&"|",'5_ACOMPANHAMENTO'!$AC$3:$AC$4922)))+((Z75<>"")*ISNUMBER(SEARCH("|"&Z75&"|",'5_ACOMPANHAMENTO'!$AC$3:$AC$4922)))+((AA75<>"")*ISNUMBER(SEARCH("|"&AA75&"|",'5_ACOMPANHAMENTO'!$AC$3:$AC$4922)))+((AB75<>"")*ISNUMBER(SEARCH("|"&AB75&"|",'5_ACOMPANHAMENTO'!$AC$3:$AC$4922))))>0)),'5_ACOMPANHAMENTO'!$O$3:$O$4922),0)) | G75: =IF(OR($B75="",$C75=""),"",D75-F75) | H75: =IF(OR($B75="",$C75=""),"",TRIM($B75&"")&"|"&TRIM($C75&"")) | I75: =IF($B75="","",TRIM(MID(SUBSTITUTE(TRIM(SUBSTITUTE(SUBSTITUTE(SUBSTITUTE(SUBSTITUTE(SUBSTITUTE(SUBSTITUTE(SUBSTITUTE(SUBSTITUTE(SUBSTITUTE(SUBSTITUTE(SUBSTITUTE(SUBSTITUTE(SUBSTITUTE(SUBSTITUTE(TRIM($B75&""),CHAR(10)," "),CHAR(13)," "),"."," "),";"," "),","," "),"/"," "),"+"," "),"-"," ")," "," ")," "," ")," "," ")," "," ")," "," ")," "," "))," ",REPT(" ",99)),1,99))) | J75: =IF($B75="","",TRIM(MID(SUBSTITUTE(TRIM(SUBSTITUTE(SUBSTITUTE(SUBSTITUTE(SUBSTITUTE(SUBSTITUTE(SUBSTITUTE(SUBSTITUTE(SUBSTITUTE(SUBSTITUTE(SUBSTITUTE(SUBSTITUTE(SUBSTITUTE(SUBSTITUTE(SUBSTITUTE(TRIM($B75&""),CHAR(10)," "),CHAR(13)," "),"."," "),";"," "),","," "),"/"," "),"+"," "),"-"," ")," "," ")," "," ")," "," ")," "," ")," "," ")," "," "))," ",REPT(" ",99)),100,99))) | K75: =IF($B75="","",TRIM(MID(SUBSTITUTE(TRIM(SUBSTITUTE(SUBSTITUTE(SUBSTITUTE(SUBSTITUTE(SUBSTITUTE(SUBSTITUTE(SUBSTITUTE(SUBSTITUTE(SUBSTITUTE(SUBSTITUTE(SUBSTITUTE(SUBSTITUTE(SUBSTITUTE(SUBSTITUTE(TRIM($B75&""),CHAR(10)," "),CHAR(13)," "),"."," "),";"," "),","," "),"/"," "),"+"," "),"-"," ")," "," ")," "," ")," "," ")," "," ")," "," ")," "," "))," ",REPT(" ",99)),199,99))) | L75: =IF($B75="","",TRIM(MID(SUBSTITUTE(TRIM(SUBSTITUTE(SUBSTITUTE(SUBSTITUTE(SUBSTITUTE(SUBSTITUTE(SUBSTITUTE(SUBSTITUTE(SUBSTITUTE(SUBSTITUTE(SUBSTITUTE(SUBSTITUTE(SUBSTITUTE(SUBSTITUTE(SUBSTITUTE(TRIM($B75&""),CHAR(10)," "),CHAR(13)," "),"."," "),";"," "),","," "),"/"," "),"+"," "),"-"," ")," "," ")," "," ")," "," ")," "," ")," "," ")," "," "))," ",REPT(" ",99)),298,99))) | M75: =IF($B75="","",TRIM(MID(SUBSTITUTE(TRIM(SUBSTITUTE(SUBSTITUTE(SUBSTITUTE(SUBSTITUTE(SUBSTITUTE(SUBSTITUTE(SUBSTITUTE(SUBSTITUTE(SUBSTITUTE(SUBSTITUTE(SUBSTITUTE(SUBSTITUTE(SUBSTITUTE(SUBSTITUTE(TRIM($B75&""),CHAR(10)," "),CHAR(13)," "),"."," "),";"," "),","," "),"/"," "),"+"," "),"-"," ")," "," ")," "," ")," "," ")," "," ")," "," ")," "," "))," ",REPT(" ",99)),397,99))) | N75: =IF($B75="","",TRIM(MID(SUBSTITUTE(TRIM(SUBSTITUTE(SUBSTITUTE(SUBSTITUTE(SUBSTITUTE(SUBSTITUTE(SUBSTITUTE(SUBSTITUTE(SUBSTITUTE(SUBSTITUTE(SUBSTITUTE(SUBSTITUTE(SUBSTITUTE(SUBSTITUTE(SUBSTITUTE(TRIM($B75&""),CHAR(10)," "),CHAR(13)," "),"."," "),";"," "),","," "),"/"," "),"+"," "),"-"," ")," "," ")," "," ")," "," ")," "," ")," "," ")," "," "))," ",REPT(" ",99)),496,99))) | O75: =IF($B75="","",TRIM(MID(SUBSTITUTE(TRIM(SUBSTITUTE(SUBSTITUTE(SUBSTITUTE(SUBSTITUTE(SUBSTITUTE(SUBSTITUTE(SUBSTITUTE(SUBSTITUTE(SUBSTITUTE(SUBSTITUTE(SUBSTITUTE(SUBSTITUTE(SUBSTITUTE(SUBSTITUTE(TRIM($B75&""),CHAR(10)," "),CHAR(13)," "),"."," "),";"," "),","," "),"/"," "),"+"," "),"-"," ")," "," ")," "," ")," "," ")," "," ")," "," ")," "," "))," ",REPT(" ",99)),595,99))) | P75: =IF($B75="","",TRIM(MID(SUBSTITUTE(TRIM(SUBSTITUTE(SUBSTITUTE(SUBSTITUTE(SUBSTITUTE(SUBSTITUTE(SUBSTITUTE(SUBSTITUTE(SUBSTITUTE(SUBSTITUTE(SUBSTITUTE(SUBSTITUTE(SUBSTITUTE(SUBSTITUTE(SUBSTITUTE(TRIM($B75&""),CHAR(10)," "),CHAR(13)," "),"."," "),";"," "),","," "),"/"," "),"+"," "),"-"," ")," "," ")," "," ")," "," ")," "," ")," "," ")," "," "))," ",REPT(" ",99)),694,99))) | Q75: =IF($B75="","",TRIM(MID(SUBSTITUTE(TRIM(SUBSTITUTE(SUBSTITUTE(SUBSTITUTE(SUBSTITUTE(SUBSTITUTE(SUBSTITUTE(SUBSTITUTE(SUBSTITUTE(SUBSTITUTE(SUBSTITUTE(SUBSTITUTE(SUBSTITUTE(SUBSTITUTE(SUBSTITUTE(TRIM($B75&""),CHAR(10)," "),CHAR(13)," "),"."," "),";"," "),","," "),"/"," "),"+"," "),"-"," ")," "," ")," "," ")," "," ")," "," ")," "," ")," "," "))," ",REPT(" ",99)),793,99))) | R75: =IF($B75="","",TRIM(MID(SUBSTITUTE(TRIM(SUBSTITUTE(SUBSTITUTE(SUBSTITUTE(SUBSTITUTE(SUBSTITUTE(SUBSTITUTE(SUBSTITUTE(SUBSTITUTE(SUBSTITUTE(SUBSTITUTE(SUBSTITUTE(SUBSTITUTE(SUBSTITUTE(SUBSTITUTE(TRIM($B75&""),CHAR(10)," "),CHAR(13)," "),"."," "),";"," "),","," "),"/"," "),"+"," "),"-"," ")," "," ")," "," ")," "," ")," "," ")," "," ")," "," "))," ",REPT(" ",99)),892,99))) | S75: =IF($B75="","",TRIM(MID(SUBSTITUTE(TRIM(SUBSTITUTE(SUBSTITUTE(SUBSTITUTE(SUBSTITUTE(SUBSTITUTE(SUBSTITUTE(SUBSTITUTE(SUBSTITUTE(SUBSTITUTE(SUBSTITUTE(SUBSTITUTE(SUBSTITUTE(SUBSTITUTE(SUBSTITUTE(TRIM($B75&""),CHAR(10)," "),CHAR(13)," "),"."," "),";"," "),","," "),"/"," "),"+"," "),"-"," ")," "," ")," "," ")," "," ")," "," ")," "," ")," "," "))," ",REPT(" ",99)),991,99))) | T75: =IF($B75="","",TRIM(MID(SUBSTITUTE(TRIM(SUBSTITUTE(SUBSTITUTE(SUBSTITUTE(SUBSTITUTE(SUBSTITUTE(SUBSTITUTE(SUBSTITUTE(SUBSTITUTE(SUBSTITUTE(SUBSTITUTE(SUBSTITUTE(SUBSTITUTE(SUBSTITUTE(SUBSTITUTE(TRIM($B75&""),CHAR(10)," "),CHAR(13)," "),"."," "),";"," "),","," "),"/"," "),"+"," "),"-"," ")," "," ")," "," ")," "," ")," "," ")," "," ")," "," "))," ",REPT(" ",99)),1090,99))) | U75: =IF($B75="","",TRIM(MID(SUBSTITUTE(TRIM(SUBSTITUTE(SUBSTITUTE(SUBSTITUTE(SUBSTITUTE(SUBSTITUTE(SUBSTITUTE(SUBSTITUTE(SUBSTITUTE(SUBSTITUTE(SUBSTITUTE(SUBSTITUTE(SUBSTITUTE(SUBSTITUTE(SUBSTITUTE(TRIM($B75&""),CHAR(10)," "),CHAR(13)," "),"."," "),";"," "),","," "),"/"," "),"+"," "),"-"," ")," "," ")," "," ")," "," ")," "," ")," "," ")," "," "))," ",REPT(" ",99)),1189,99))) | V75: =IF($B75="","",TRIM(MID(SUBSTITUTE(TRIM(SUBSTITUTE(SUBSTITUTE(SUBSTITUTE(SUBSTITUTE(SUBSTITUTE(SUBSTITUTE(SUBSTITUTE(SUBSTITUTE(SUBSTITUTE(SUBSTITUTE(SUBSTITUTE(SUBSTITUTE(SUBSTITUTE(SUBSTITUTE(TRIM($B75&""),CHAR(10)," "),CHAR(13)," "),"."," "),";"," "),","," "),"/"," "),"+"," "),"-"," ")," "," ")," "," ")," "," ")," "," ")," "," ")," "," "))," ",REPT(" ",99)),1288,99))) | W75: =IF($B75="","",TRIM(MID(SUBSTITUTE(TRIM(SUBSTITUTE(SUBSTITUTE(SUBSTITUTE(SUBSTITUTE(SUBSTITUTE(SUBSTITUTE(SUBSTITUTE(SUBSTITUTE(SUBSTITUTE(SUBSTITUTE(SUBSTITUTE(SUBSTITUTE(SUBSTITUTE(SUBSTITUTE(TRIM($B75&""),CHAR(10)," "),CHAR(13)," "),"."," "),";"," "),","," "),"/"," "),"+"," "),"-"," ")," "," ")," "," ")," "," ")," "," ")," "," ")," "," "))," ",REPT(" ",99)),1387,99))) | X75: =IF($B75="","",TRIM(MID(SUBSTITUTE(TRIM(SUBSTITUTE(SUBSTITUTE(SUBSTITUTE(SUBSTITUTE(SUBSTITUTE(SUBSTITUTE(SUBSTITUTE(SUBSTITUTE(SUBSTITUTE(SUBSTITUTE(SUBSTITUTE(SUBSTITUTE(SUBSTITUTE(SUBSTITUTE(TRIM($B75&""),CHAR(10)," "),CHAR(13)," "),"."," "),";"," "),","," "),"/"," "),"+"," "),"-"," ")," "," ")," "," ")," "," ")," "," ")," "," ")," "," "))," ",REPT(" ",99)),1486,99))) | Y75: =IF($B75="","",TRIM(MID(SUBSTITUTE(TRIM(SUBSTITUTE(SUBSTITUTE(SUBSTITUTE(SUBSTITUTE(SUBSTITUTE(SUBSTITUTE(SUBSTITUTE(SUBSTITUTE(SUBSTITUTE(SUBSTITUTE(SUBSTITUTE(SUBSTITUTE(SUBSTITUTE(SUBSTITUTE(TRIM($B75&""),CHAR(10)," "),CHAR(13)," "),"."," "),";"," "),","," "),"/"," "),"+"," "),"-"," ")," "," ")," "," ")," "," ")," "," ")," "," ")," "," "))," ",REPT(" ",99)),1585,99))) | Z75: =IF($B75="","",TRIM(MID(SUBSTITUTE(TRIM(SUBSTITUTE(SUBSTITUTE(SUBSTITUTE(SUBSTITUTE(SUBSTITUTE(SUBSTITUTE(SUBSTITUTE(SUBSTITUTE(SUBSTITUTE(SUBSTITUTE(SUBSTITUTE(SUBSTITUTE(SUBSTITUTE(SUBSTITUTE(TRIM($B75&""),CHAR(10)," "),CHAR(13)," "),"."," "),";"," "),","," "),"/"," "),"+"," "),"-"," ")," "," ")," "," ")," "," ")," "," ")," "," ")," "," "))," ",REPT(" ",99)),1684,99))) | AA75: =IF($B75="","",TRIM(MID(SUBSTITUTE(TRIM(SUBSTITUTE(SUBSTITUTE(SUBSTITUTE(SUBSTITUTE(SUBSTITUTE(SUBSTITUTE(SUBSTITUTE(SUBSTITUTE(SUBSTITUTE(SUBSTITUTE(SUBSTITUTE(SUBSTITUTE(SUBSTITUTE(SUBSTITUTE(TRIM($B75&""),CHAR(10)," "),CHAR(13)," "),"."," "),";"," "),","," "),"/"," "),"+"," "),"-"," ")," "," ")," "," ")," "," ")," "," ")," "," ")," "," "))," ",REPT(" ",99)),1783,99))) | AB75: =IF($B75="","",TRIM(MID(SUBSTITUTE(TRIM(SUBSTITUTE(SUBSTITUTE(SUBSTITUTE(SUBSTITUTE(SUBSTITUTE(SUBSTITUTE(SUBSTITUTE(SUBSTITUTE(SUBSTITUTE(SUBSTITUTE(SUBSTITUTE(SUBSTITUTE(SUBSTITUTE(SUBSTITUTE(TRIM($B75&""),CHAR(10)," "),CHAR(13)," "),"."," "),";"," "),","," "),"/"," "),"+"," "),"-"," ")," "," ")," "," ")," "," ")," "," ")," "," ")," "," "))," ",REPT(" ",99)),1882,99)))
